dataset,model,objective,run_tag,smooth,scale,initial_prob,threshold,precision_mean,precision_std,precision_count,recall_mean,recall_std,recall_count,f1_mean,f1_std,f1_count,macro_f1_mean,macro_f1_std,macro_f1_count,iou_mean,iou_std,iou_count,accuracy_mean,accuracy_std,accuracy_count,brier_mean,brier_std,brier_count,pred_positive_rate_mean,pred_positive_rate_std,pred_positive_rate_count,abs_transition_count_error_mean,abs_transition_count_error_std,abs_transition_count_error_count,objective_label
sleep,gru,density_custom,objective_e20_bs32_eval5,none,4.0,0.2393167939518393,0.8333333333333333,0.8806086322079594,0.005106647057736933,3,0.8864110964039259,0.0066304909372282535,3,0.8834908789475989,0.004729071648342707,3,0.9233390786085002,0.0030858644069654785,3,0.7913188886121943,0.0075737535678458675,3,0.9440522862621741,0.0022185932955069085,3,0.0906166146479347,0.00837259970711018,3,0.24089704321543112,0.0019342710981714855,3,908.6666666666666,41.40450861118067,3,BDL-Tolerance
sleep,gru,density_custom,objective_e20_bs32_eval5,none,4.0,0.0,0.8333333333333333,0.8807910747356215,0.0051125381852284695,3,0.8860347129744378,0.006686495856685446,3,0.8833953668994726,0.0047316922592374805,3,0.9232839358690222,0.0030862642449035966,3,0.791165681560806,0.007576162174555725,3,0.9440242196466095,0.0022169782666546563,3,0.08985772282977843,0.00837814274792831,3,0.24074496007971238,0.001962296145682639,3,904.0,39.153543900903784,3,BDL-Tolerance
sleep,gru,density_custom,objective_e20_bs32_eval5,none,4.0,0.0,0.6666666666666666,0.8130361438507677,0.012344867866685944,3,0.9399467015175628,0.0021325622982528497,3,0.8718719275523336,0.007897582975367747,3,0.9136497321859688,0.005532013925062981,3,0.7729063650193734,0.012429245940327894,3,0.9338633570812686,0.004538532453823448,3,0.08985772282977843,0.00837814274792831,3,0.2767099111524713,0.0036780484585030616,3,1518.0,36.16628264005025,3,BDL-Tolerance
sleep,gru,density_custom,objective_e20_bs32_eval5,none,4.0,0.2393167939518393,0.6666666666666666,0.8127849926258855,0.01236210361009375,3,0.9402713085132285,0.00216384413222137,3,0.8718670570010584,0.007921838551523945,3,0.9136358728200387,0.005549224007959099,3,0.7728990671752051,0.012467326749222527,3,0.9338375603632519,0.004552851943476212,3,0.0906166146479347,0.00837259970711018,3,0.27689107568148197,0.0036818251307193027,3,1527.3333333333333,32.5166623953525,3,BDL-Tolerance
sleep,gru,density_custom,objective_e20_bs32_eval5,none,4.0,1.0,0.8333333333333333,0.8520621594387047,0.004458424940213362,3,0.8877550519404669,0.00669074511001891,3,0.8695318230480181,0.004205216745333739,3,0.913674482614211,0.0027415848137348968,3,0.7691948020361988,0.0065713208724816575,3,0.9362471500768668,0.0019735123672518944,3,0.09897724601628007,0.008211742236290422,3,0.2493454416611762,0.0021435141666239447,3,933.0,44.91102314577124,3,BDL-Tolerance
sleep,gru,density_custom,objective_e20_bs32_eval5,none,4.0,1.0,0.6666666666666666,0.7826569865214404,0.01134053603631487,3,0.9407736738258744,0.002287117621319877,3,0.8544399826691781,0.007569177988501036,3,0.9011715190859828,0.005375636434768155,3,0.7459218695930813,0.011550969959073364,3,0.9232696117011777,0.004503938611883092,3,0.09897724601628007,0.008211742236290422,3,0.28769947325558637,0.003602875193956785,3,1472.3333333333333,31.005375877955927,3,BDL-Tolerance
sleep,gru,density_custom,objective_e20_bs32_eval5,none,1.0,0.2393167939518393,0.5,0.725686304994305,0.05169283065915625,3,0.9643311701050012,0.0007876159511001246,3,0.8274745526797466,0.03441015476511981,3,0.880039186165206,0.02602076914674925,3,0.7066862266671192,0.0493930527668855,3,0.9031190101409409,0.02363987113121389,3,0.13166342944455778,0.004639171012362191,3,0.3191254837819292,0.02335000134567378,3,1021.0,47.65501022977542,3,BDL-Tolerance
sleep,gru,density_custom,objective_e20_bs32_eval5,none,1.0,0.0,0.5,0.7263712755394672,0.05239946867898026,3,0.9583776613254366,0.0007064110452760347,3,0.8256983955640717,0.03466842619002614,3,0.878992026837684,0.02618461255354384,3,0.7041165837780333,0.04962271648455734,3,0.9025110514635445,0.02376603296418164,3,0.1307316721744938,0.004612935469411302,3,0.3168838931915465,0.02346805412845068,3,959.0,47.634021455258214,3,BDL-Tolerance
sleep,gru,density_custom,objective_e20_bs32_eval5,none,1.0,0.2393167939518393,0.6666666666666666,0.8831343058737166,0.005671872709864315,3,0.7282116620614653,0.005932627045496061,3,0.7982116412170713,0.004303469980340133,3,0.8709256993108992,0.002702162709932716,3,0.6642007432964973,0.00595333517743874,3,0.9118895471057685,0.0017865392993358052,3,0.13166342944455778,0.004639171012362191,3,0.1973402195081725,0.0020274918380634426,3,1381.6666666666667,73.05021104235996,3,BDL-Tolerance
sleep,gru,density_custom,objective_e20_bs32_eval5,none,1.0,1.0,0.5,0.6762214650009456,0.04461303853969357,3,0.9684659200594178,0.0009750432288639933,3,0.7958199405778726,0.031514038113769974,3,0.8556267299382506,0.0248109397693122,3,0.6616306572811003,0.04295887116055469,3,0.8804573410943535,0.023483722590167316,3,0.1466685151940518,0.004498765152671225,3,0.3437661830342837,0.023277115107153242,3,727.6666666666666,61.231800017093526,3,BDL-Tolerance
sleep,gru,density_custom,objective_e20_bs32_eval5,none,4.0,0.0,0.5,0.6714162850670625,0.04917641884565917,3,0.9607974284966333,0.0007502382963695458,3,0.7897707330810545,0.034734309556770364,3,0.8513001227975749,0.02744810178820958,3,0.653476376951846,0.04688030332879103,3,0.8768301249266156,0.02608260708488308,3,0.08985772282977843,0.00837814274792831,3,0.34372300157151686,0.02582833809015091,3,1879.3333333333333,106.92676621563629,3,BDL-Tolerance
sleep,gru,density_custom,objective_e20_bs32_eval5,none,4.0,0.2393167939518393,0.5,0.6701755493939184,0.04904106261573977,3,0.9608996423185755,0.0007659100242718817,3,0.7889467237803203,0.03468232980448805,3,0.8506477563045101,0.02743644131782938,3,0.6523476114683187,0.04675535316179626,3,0.8762085468639308,0.026097167031003652,3,0.0906166146479347,0.00837259970711018,3,0.34439350260253104,0.025852213338463447,3,1883.3333333333333,105.24891131661808,3,BDL-Tolerance
sleep,gru,density_custom,objective_e20_bs32_eval5,none,1.0,1.0,0.6666666666666666,0.8163717259853064,0.002992239155413268,3,0.7618300782248181,0.004086208161210645,3,0.7881511969620295,0.0021717157631891168,3,0.8621992287415656,0.0013561034411302107,3,0.650374431231151,0.0029555340124467443,3,0.901989615939744,0.0009127669670056542,3,0.1466685151940518,0.004498765152671225,3,0.22333105382210158,0.001662499249771603,3,1246.0,23.515952032609693,3,BDL-Tolerance
sleep,gru,density_custom,objective_e20_bs32_eval5,none,1.0,0.0,0.6666666666666666,0.8811536902076478,0.006012292344518826,3,0.6978126465278657,0.005713987263673868,3,0.7788250879513727,0.004366247680483048,3,0.8592283672232258,0.0027322565587589932,3,0.6377809639340402,0.00584870993756126,3,0.9051519570896431,0.001793247849885651,3,0.1307316721744938,0.004612935469411302,3,0.1895278196507114,0.0019726294949011683,3,1709.0,75.35914012248281,3,BDL-Tolerance
sleep,gru,density_custom,objective_e20_bs32_eval5,none,4.0,1.0,0.5,0.6471557319835437,0.04492623390512799,3,0.9611969104644859,0.0008015813461983795,3,0.7729218681502236,0.03268269058232592,3,0.837952959057338,0.026414514570186405,3,0.6306505525016336,0.042943988581527585,3,0.864123879364933,0.025599351834402855,3,0.09897724601628007,0.008211742236290422,3,0.35662045262077563,0.02533660305847926,3,1766.3333333333333,117.18930554164633,3,BDL-Tolerance
sleep,gru,density_custom,objective_e20_bs32_eval5,none,0.25,0.2393167939518393,0.5,0.6883576765024291,0.04019836117436437,3,0.7611202724154577,0.0013984547466646185,3,0.722476253015357,0.021976549673690834,3,0.8142970737761348,0.016805338435433324,3,0.565835259193443,0.026737770010514573,3,0.8597321082936609,0.015780576227513787,3,0.20186921056142068,0.002219038031280884,3,0.2652488245669356,0.016326247648502844,3,1610.6666666666667,133.2378825009364,3,BDL-Tolerance
sleep,gru,density_custom,objective_e20_bs32_eval5,none,4.0,0.0,0.3333333333333333,0.5360834144791561,0.02235166978762745,3,0.9757366034614777,0.0005128703823228499,3,0.6918009953095464,0.018789932115877695,3,0.7671647442165576,0.01746328741514382,3,0.5290288734769392,0.021878031153592513,3,0.7916110408244013,0.018413643400931344,3,0.08985772282977843,0.00837814274792831,3,0.4360924765874756,0.01824766637165834,3,1703.0,76.3347889235308,3,BDL-Tolerance
sleep,gru,density_custom,objective_e20_bs32_eval5,none,4.0,0.2393167939518393,0.3333333333333333,0.5346591403253312,0.022169588103854984,3,0.975794740362386,0.0005223990391744994,3,0.6906304012218428,0.018670810633943095,3,0.7660734961269927,0.017390197741655292,3,0.5276589208947886,0.02170411740615962,3,0.7904569982063002,0.01835327246172457,3,0.0906166146479347,0.00837259970711018,3,0.4372743454790477,0.018185790134338894,3,1707.0,71.92357054540605,3,BDL-Tolerance
sleep,gru,density_custom,objective_e20_bs32_eval5,none,0.25,0.0,0.5,0.6883273313148331,0.03778403241991014,3,0.6865408945673354,0.0014392944894146967,3,0.6870581082898731,0.01828010509376876,3,0.7942331934319347,0.013922826502804644,3,0.523492794512383,0.021131010036511164,3,0.8500828005216171,0.01315103013588895,3,0.19909059072252022,0.0022223069828781936,3,0.23920193713590843,0.013838945755975947,3,2367.3333333333335,125.26106072252996,3,BDL-Tolerance
sleep,gru,density_custom,objective_e20_bs32_eval5,none,4.0,1.0,0.3333333333333333,0.5210157575908726,0.021113284674043286,3,0.9760205927375071,0.0005024618825063295,3,0.6792053519240707,0.018103074468459945,3,0.7553092072663308,0.01726575205426232,3,0.5144289492499085,0.02068632565925898,3,0.7790342061276339,0.018394753058170916,3,0.09897724601628007,0.008211742236290422,3,0.44880523809035494,0.01822991600996934,3,1540.0,60.77005841695399,3,BDL-Tolerance
sleep,gru,density_custom,objective_e20_bs32_eval5,none,0.25,1.0,0.5,0.4540506910512167,0.014517382026276936,3,0.9548343232228688,0.004160935005700276,3,0.6153663861961739,0.014047351373766134,3,0.6939166900695038,0.014825192078640598,3,0.4445241627357024,0.01459844507243123,3,0.7141206908264949,0.016176225153655258,3,0.24907806492835838,0.0017321146060136736,3,0.5035782931994083,0.01478024181269362,3,2303.0,120.80149005703531,3,BDL-Tolerance
sleep,gru,density_custom,objective_e20_bs32_eval5,none,4.0,0.0,0.16666666666666666,0.43550068031021755,0.01665318243451634,3,0.9903719266390422,0.00013966774644434633,3,0.6048486985176506,0.016140147480903373,3,0.6747991027556371,0.018993903967159092,3,0.4336637780628689,0.01653227293048278,3,0.6899426233991081,0.02105986340736753,3,0.08985772282977843,0.00837814274792831,3,0.5447658512553762,0.021015818767739673,3,1250.3333333333333,85.42443054146354,3,BDL-Tolerance
sleep,gru,density_custom,objective_e20_bs32_eval5,none,1.0,0.0,0.3333333333333333,0.4308648088111305,0.015883375188594853,3,0.9949265790082715,0.0002308388992899196,3,0.6012046555590165,0.015382493818310868,3,0.6695489969856917,0.01822182057809916,3,0.42991735513313273,0.015772004094744076,3,0.6837736026617512,0.020212067724813668,3,0.1307316721744938,0.004612935469411302,3,0.5531148815978711,0.020317967923098076,3,265.3333333333333,170.5647482140824,3,BDL-Tolerance
sleep,gru,density_custom,objective_e20_bs32_eval5,none,4.0,0.2393167939518393,0.16666666666666666,0.42816257797392393,0.016048856780509907,3,0.9905543716159805,0.00014102756294106372,3,0.5977722047720749,0.01571853841395792,3,0.6663969579558552,0.018923663742711243,3,0.42642088703859343,0.015938325369976216,3,0.6806127836784431,0.02100048484312919,3,0.0906166146479347,0.00837259970711018,3,0.554183015269948,0.020953125636074668,3,1180.6666666666667,82.03251387915243,3,BDL-Tolerance
sleep,gru,density_custom,objective_e20_bs32_eval5,none,1.0,0.2393167939518393,0.3333333333333333,0.42672961165164214,0.0160651707738991,3,0.9964689364830367,0.0002039581891213811,3,0.5974412843500437,0.015707665281727134,3,0.6646866388090639,0.018811489480220878,3,0.4260848719846759,0.01602107851299199,3,0.6782679528066402,0.02085185213150639,3,0.13166342944455778,0.004639171012362191,3,0.5593587555449592,0.020845880341127623,3,300.0,182.9781407709675,3,BDL-Tolerance
sleep,gru,density_custom,objective_e20_bs32_eval5,none,4.0,1.0,0.16666666666666666,0.42563209304398253,0.015631282915350007,3,0.990605032178384,0.00013710772558863277,3,0.5953151922731837,0.015359651590890182,3,0.6634459239724458,0.01863530984417525,3,0.4239201140080892,0.015523203898978736,3,0.6773350783237495,0.020685086537408224,3,0.09897724601628007,0.008211742236290422,3,0.5574849684713902,0.02064344932779843,3,1024.0,78.30708780180757,3,BDL-Tolerance
sleep,gru,density_custom,objective_e20_bs32_eval5,none,1.0,1.0,0.3333333333333333,0.3992158600698567,0.012418029183379791,3,0.9971168114286658,0.00020074533023037826,3,0.5700822853208359,0.0126265008686334,3,0.630020086877605,0.016700128619724044,3,0.3987547448725383,0.012377456354458865,3,0.639813938901408,0.018486743502875064,3,0.1466685151940518,0.004498765152671225,3,0.5981228641599307,0.018526357007137815,3,1031.0,139.98928530426892,3,BDL-Tolerance
sleep,gru,density_custom,objective_e20_bs32_eval5,none,0.25,0.2393167939518393,0.3333333333333333,0.2515571245482697,0.00032094642284146026,3,0.9954119830753551,0.00042806763476158153,3,0.40161844714293077,0.00037473765262261447,3,0.2646183577378217,0.0019200273921771477,3,0.2512657379606473,0.00029331874756747986,3,0.29014247052017295,0.0014097023591285868,3,0.20186921056142068,0.002219038031280884,3,0.9469783444296608,0.0016130682862148759,3,8699.333333333334,18.717193521822203,3,BDL-Tolerance
sleep,gru,density_custom,objective_e20_bs32_eval5,none,0.25,0.0,0.3333333333333333,0.2514717301768828,0.0005737840917657966,3,0.917409558063588,0.0024928141743097536,3,0.39474015840386567,0.0007097200061724048,3,0.31809678836384525,0.0030050230402891365,3,0.2459043756381265,0.0005509513412032058,3,0.3267162615246704,0.002469926323251794,3,0.19909059072252022,0.0022223069828781936,3,0.8730699728765936,0.0033279074949240234,3,8647.0,25.15949125081825,3,BDL-Tolerance
sleep,gru,density_custom,objective_e20_bs32_eval5,none,0.25,0.0,0.16666666666666666,0.24596153817364344,0.000182655178143316,3,0.9911513628249221,0.0007347300522525286,3,0.39411935130716874,0.0002022636857035253,3,0.23913586265477085,0.001445219931975428,3,0.24542258030157313,0.00015686001585996258,3,0.2707059253191957,0.0009882453872799089,3,0.19909059072252022,0.0022223069828781936,3,0.9643756136734782,0.0012952160755481295,3,9072.333333333334,15.011106998930503,3,BDL-Tolerance
sleep,gru,density_custom,objective_e20_bs32_eval5,none,1.0,0.0,0.16666666666666666,0.24348885276265178,0.000266942360814531,3,0.9996117883334751,6.0493097039650876e-05,3,0.3915922676878399,0.0003490530360637031,3,0.2181830950027769,0.0014835228727750512,3,0.2434658343224352,0.00026983089967826774,3,0.25664628672534007,0.0010528288487799177,3,0.1307316721744938,0.004612935469411302,3,0.9824846960836844,0.0010296050138984296,3,9275.666666666666,11.372481406154721,3,BDL-Tolerance
sleep,gru,density_custom,objective_e20_bs32_eval5,none,0.25,1.0,0.3333333333333333,0.24008997455312728,0.0003346412166508211,3,1.0,0.0,3,0.3872137198758932,0.0004351469493857337,3,0.19781867548370205,0.002025313738447896,3,0.24008997455312728,0.0003346412166508211,3,0.24253588254043942,0.001388220964344583,3,0.24907806492835838,0.0017321146060136736,3,0.9967809114113999,0.0013882209643445453,3,9551.666666666666,13.576941236277323,3,BDL-Tolerance
sleep,gru,density_custom,objective_e20_bs32_eval5,none,1.0,0.2393167939518393,0.16666666666666666,0.23981426009447301,0.00010644218776230169,3,0.9999997768257162,3.865491983458051e-07,3,0.38685511621433566,0.0001385284657114093,3,0.19614696492992933,0.0006483079422758659,3,0.23981424727249898,0.00010646410718617765,3,0.241391159854624,0.00044283411938124867,3,0.13166342944455778,0.004639171012362191,3,0.9979255272785071,0.00044265151075698983,3,9481.333333333334,16.289055630494314,3,BDL-Tolerance
sleep,gru,density_custom,objective_e20_bs32_eval5,none,1.0,1.0,0.16666666666666666,0.23939401952740488,2.014760934747992e-05,3,0.9999997768257162,3.865491983458051e-07,3,0.38630815585837314,2.625161126455198e-05,3,0.19357818307141508,0.00012336310317890938,3,0.23939400673908143,2.0162665394599508e-05,3,0.23963949326913955,8.399378304473518e-05,3,0.1466685151940518,0.004498765152671225,3,0.9996771938639917,8.386842231537492e-05,3,9565.333333333334,6.429100507328543,3,BDL-Tolerance
sleep,gru,density_custom,objective_e20_bs32_eval5,none,0.25,0.0,0.0,0.23931679395183933,0.0,3,1.0,0.0,3,0.38620761877796256,0.0,3,0.19310380938898128,0.0,3,0.23931679395183933,0.0,3,0.23931679395183933,0.0,3,0.19909059072252022,0.0022223069828781936,3,1.0,0.0,3,9578.0,0.0,3,BDL-Tolerance
sleep,gru,density_custom,objective_e20_bs32_eval5,none,0.25,0.2393167939518393,0.0,0.23931679395183933,0.0,3,1.0,0.0,3,0.38620761877796256,0.0,3,0.19310380938898128,0.0,3,0.23931679395183933,0.0,3,0.23931679395183933,0.0,3,0.20186921056142068,0.002219038031280884,3,1.0,0.0,3,9578.0,0.0,3,BDL-Tolerance
sleep,gru,density_custom,objective_e20_bs32_eval5,none,0.25,0.2393167939518393,0.16666666666666666,0.23931679395183933,0.0,3,1.0,0.0,3,0.38620761877796256,0.0,3,0.19310380938898128,0.0,3,0.23931679395183933,0.0,3,0.23931679395183933,0.0,3,0.20186921056142068,0.002219038031280884,3,1.0,0.0,3,9578.0,0.0,3,BDL-Tolerance
sleep,gru,density_custom,objective_e20_bs32_eval5,none,0.25,1.0,0.0,0.23931679395183933,0.0,3,1.0,0.0,3,0.38620761877796256,0.0,3,0.19310380938898128,0.0,3,0.23931679395183933,0.0,3,0.23931679395183933,0.0,3,0.24907806492835838,0.0017321146060136736,3,1.0,0.0,3,9578.0,0.0,3,BDL-Tolerance
sleep,gru,density_custom,objective_e20_bs32_eval5,none,0.25,1.0,0.16666666666666666,0.23931679395183933,0.0,3,1.0,0.0,3,0.38620761877796256,0.0,3,0.19310380938898128,0.0,3,0.23931679395183933,0.0,3,0.23931679395183933,0.0,3,0.24907806492835838,0.0017321146060136736,3,1.0,0.0,3,9578.0,0.0,3,BDL-Tolerance
sleep,gru,density_custom,objective_e20_bs32_eval5,none,1.0,0.0,0.0,0.23931679395183933,0.0,3,1.0,0.0,3,0.38620761877796256,0.0,3,0.19310380938898128,0.0,3,0.23931679395183933,0.0,3,0.23931679395183933,0.0,3,0.1307316721744938,0.004612935469411302,3,1.0,0.0,3,9578.0,0.0,3,BDL-Tolerance
sleep,gru,density_custom,objective_e20_bs32_eval5,none,1.0,0.2393167939518393,0.0,0.23931679395183933,0.0,3,1.0,0.0,3,0.38620761877796256,0.0,3,0.19310380938898128,0.0,3,0.23931679395183933,0.0,3,0.23931679395183933,0.0,3,0.13166342944455778,0.004639171012362191,3,1.0,0.0,3,9578.0,0.0,3,BDL-Tolerance
sleep,gru,density_custom,objective_e20_bs32_eval5,none,1.0,1.0,0.0,0.23931679395183933,0.0,3,1.0,0.0,3,0.38620761877796256,0.0,3,0.19310380938898128,0.0,3,0.23931679395183933,0.0,3,0.23931679395183933,0.0,3,0.1466685151940518,0.004498765152671225,3,1.0,0.0,3,9578.0,0.0,3,BDL-Tolerance
sleep,gru,density_custom,objective_e20_bs32_eval5,none,4.0,0.0,0.0,0.23931679395183933,0.0,3,1.0,0.0,3,0.38620761877796256,0.0,3,0.19310380938898128,0.0,3,0.23931679395183933,0.0,3,0.23931679395183933,0.0,3,0.08985772282977843,0.00837814274792831,3,1.0,0.0,3,9578.0,0.0,3,BDL-Tolerance
sleep,gru,density_custom,objective_e20_bs32_eval5,none,4.0,0.2393167939518393,0.0,0.23931679395183933,0.0,3,1.0,0.0,3,0.38620761877796256,0.0,3,0.19310380938898128,0.0,3,0.23931679395183933,0.0,3,0.23931679395183933,0.0,3,0.0906166146479347,0.00837259970711018,3,1.0,0.0,3,9578.0,0.0,3,BDL-Tolerance
sleep,gru,density_custom,objective_e20_bs32_eval5,none,4.0,1.0,0.0,0.23931679395183933,0.0,3,1.0,0.0,3,0.38620761877796256,0.0,3,0.19310380938898128,0.0,3,0.23931679395183933,0.0,3,0.23931679395183933,0.0,3,0.09897724601628007,0.008211742236290422,3,1.0,0.0,3,9578.0,0.0,3,BDL-Tolerance
sleep,gru,density_custom,objective_e20_bs32_eval5,none,0.25,1.0,0.6666666666666666,0.376517532462989,0.006757516553701598,3,0.1748277038736137,0.0006008260103589546,3,0.23877219242603584,0.0016645834092425004,3,0.5385198929406788,0.0014972111627263212,3,0.13557211729393748,0.0010727763257345813,3,0.7332177661729933,0.0019769413526096033,3,0.24907806492835838,0.0017321146060136736,3,0.11114385104515696,0.0018964508366935587,3,8661.666666666666,13.203534880225527,3,BDL-Tolerance
sleep,gru,density_custom,objective_e20_bs32_eval5,none,0.25,1.0,0.8333333333333333,0.3997521219823878,0.0037025609147048333,3,0.06509971538583598,0.00041798271917060264,3,0.11196522410716821,0.0007075502014383876,3,0.4842132006919048,0.0004207587728263216,3,0.05930262130763401,0.0003969115887766465,3,0.7528679487902568,0.00033482187221145173,3,0.24907806492835838,0.0017321146060136736,3,0.038974167604534926,0.00030571567106018097,3,9196.333333333334,11.37248140615484,3,BDL-Tolerance
sleep,gru,density_custom,objective_e20_bs32_eval5,none,1.0,1.0,0.8333333333333333,0.4485388635957257,0.006868315790321351,3,0.04901666062980229,0.0013056954039443371,3,0.08837344927993035,0.0022101995369926248,3,0.4744249530730044,0.0011518552347671393,3,0.046230385508169464,0.0012101448686568862,3,0.7579920956292349,0.00035560707098803633,3,0.1466685151940518,0.004498765152671225,3,0.02615213056322514,0.0005248910545544923,3,9129.666666666666,30.3534731675526,3,BDL-Tolerance
sleep,gru,density_custom,objective_e20_bs32_eval5,none,1.0,0.2393167939518393,0.8333333333333333,0.4877386360439597,0.09113979268698497,3,0.0021577605621135323,0.0009471039898340205,3,0.004293671848863224,0.0018750175701039888,3,0.43413033046979016,0.0009148345797061792,3,0.002152044795070709,0.0009420448790397176,3,0.7606359120651304,0.00014943578402913527,3,0.13166342944455778,0.004639171012362191,3,0.0010800706627118108,0.0004959606307871837,3,9530.0,28.0,3,BDL-Tolerance
sleep,gru,density_custom,objective_e20_bs32_eval5,none,1.0,0.0,0.8333333333333333,0.4782088186004824,0.09262242846391477,3,0.0020438300902762296,0.0007672353822035797,3,0.00406795167671939,0.0015188333863489585,3,0.434010835821111,0.0007268181459581715,3,0.0020385083242555665,0.0007628405270290353,3,0.7606088335226161,0.00016179387759018802,3,0.1307316721744938,0.004612935469411302,3,0.0010526182547190368,0.000454655674303157,3,9532.0,24.576411454889016,3,BDL-Tolerance
sleep,gru,density_custom,objective_e20_bs32_eval5,none,0.25,0.2393167939518393,0.6666666666666666,0.07291686470001253,0.055825222305303006,3,0.0007662689031407987,0.0008245502822379902,3,0.0015123336406454365,0.001624491857075076,3,0.4318939947178988,0.0010891377530988717,3,0.0007571800675660162,0.0008138412047810512,3,0.7579409027633573,0.001979828790261054,3,0.20186921056142068,0.002219038031280884,3,0.0031090653192127546,0.0019662044462314078,3,9538.333333333334,11.930353445449107,3,BDL-Tolerance
sleep,gru,density_custom,objective_e20_bs32_eval5,none,0.25,0.0,0.6666666666666666,0.0561489276898296,0.04591741967986712,3,0.0006051370702974445,0.0006787817130666618,3,0.001194705933052295,0.0013389899947495929,3,0.431772682792098,0.0009011559947354191,3,0.0005980094781137868,0.0006705550894061224,3,0.7580472674919907,0.0018332264302795245,3,0.19909059072252022,0.0022223069828781936,3,0.002925577483299963,0.0018508952759396212,3,9541.666666666666,12.741009902410667,3,BDL-Tolerance
sleep,gru,density_custom,objective_e20_bs32_eval5,none,0.25,0.0,0.8333333333333333,0.0,0.0,3,0.0,0.0,3,0.0,0.0,3,0.4320386560371119,0.0,3,0.0,0.0,3,0.7606832060481606,0.0,3,0.19909059072252022,0.0022223069828781936,3,0.0,0.0,3,9578.0,0.0,3,BDL-Tolerance
sleep,gru,density_custom,objective_e20_bs32_eval5,none,0.25,0.0,1.0,0.0,0.0,3,0.0,0.0,3,0.0,0.0,3,0.4320386560371119,0.0,3,0.0,0.0,3,0.7606832060481606,0.0,3,0.19909059072252022,0.0022223069828781936,3,0.0,0.0,3,9578.0,0.0,3,BDL-Tolerance
sleep,gru,density_custom,objective_e20_bs32_eval5,none,0.25,0.2393167939518393,0.8333333333333333,0.0,0.0,3,0.0,0.0,3,0.0,0.0,3,0.4320386560371119,0.0,3,0.0,0.0,3,0.7606832060481606,0.0,3,0.20186921056142068,0.002219038031280884,3,0.0,0.0,3,9578.0,0.0,3,BDL-Tolerance
sleep,gru,density_custom,objective_e20_bs32_eval5,none,0.25,0.2393167939518393,1.0,0.0,0.0,3,0.0,0.0,3,0.0,0.0,3,0.4320386560371119,0.0,3,0.0,0.0,3,0.7606832060481606,0.0,3,0.20186921056142068,0.002219038031280884,3,0.0,0.0,3,9578.0,0.0,3,BDL-Tolerance
sleep,gru,density_custom,objective_e20_bs32_eval5,none,0.25,1.0,1.0,0.0,0.0,3,0.0,0.0,3,0.0,0.0,3,0.4320386560371119,0.0,3,0.0,0.0,3,0.7606832060481606,0.0,3,0.24907806492835838,0.0017321146060136736,3,0.0,0.0,3,9578.0,0.0,3,BDL-Tolerance
sleep,gru,density_custom,objective_e20_bs32_eval5,none,1.0,0.0,1.0,0.0,0.0,3,0.0,0.0,3,0.0,0.0,3,0.4320386560371119,0.0,3,0.0,0.0,3,0.7606832060481606,0.0,3,0.1307316721744938,0.004612935469411302,3,0.0,0.0,3,9578.0,0.0,3,BDL-Tolerance
sleep,gru,density_custom,objective_e20_bs32_eval5,none,1.0,0.2393167939518393,1.0,0.0,0.0,3,0.0,0.0,3,0.0,0.0,3,0.4320386560371119,0.0,3,0.0,0.0,3,0.7606832060481606,0.0,3,0.13166342944455778,0.004639171012362191,3,0.0,0.0,3,9578.0,0.0,3,BDL-Tolerance
sleep,gru,density_custom,objective_e20_bs32_eval5,none,1.0,1.0,1.0,0.0,0.0,3,0.0,0.0,3,0.0,0.0,3,0.4320386560371119,0.0,3,0.0,0.0,3,0.7606832060481606,0.0,3,0.1466685151940518,0.004498765152671225,3,0.0,0.0,3,9578.0,0.0,3,BDL-Tolerance
sleep,gru,density_custom,objective_e20_bs32_eval5,none,4.0,0.0,1.0,0.0,0.0,3,0.0,0.0,3,0.0,0.0,3,0.4320386560371119,0.0,3,0.0,0.0,3,0.7606832060481606,0.0,3,0.08985772282977843,0.00837814274792831,3,0.0,0.0,3,9578.0,0.0,3,BDL-Tolerance
sleep,gru,density_custom,objective_e20_bs32_eval5,none,4.0,0.2393167939518393,1.0,0.0,0.0,3,0.0,0.0,3,0.0,0.0,3,0.4320386560371119,0.0,3,0.0,0.0,3,0.7606832060481606,0.0,3,0.0906166146479347,0.00837259970711018,3,0.0,0.0,3,9578.0,0.0,3,BDL-Tolerance
sleep,gru,density_custom,objective_e20_bs32_eval5,none,4.0,1.0,1.0,0.0,0.0,3,0.0,0.0,3,0.0,0.0,3,0.4320386560371119,0.0,3,0.0,0.0,3,0.7606832060481606,0.0,3,0.09897724601628007,0.008211742236290422,3,0.0,0.0,3,9578.0,0.0,3,BDL-Tolerance
sleep,gru,density_gau,objective_e20_bs32_eval5,none,4.0,0.2393167939518393,0.6666666666666666,0.828001839185518,0.006884014446721947,3,0.9542799583021169,0.0026733241550412116,3,0.8866493218181999,0.0027991640394397833,3,0.9236591700997462,0.0020384875426236503,3,0.7963867796588726,0.004522463482129632,3,0.9416019185067257,0.0017806646926609919,3,0.08673623450129941,0.006353328199151712,3,0.27583172784814997,0.003043821175577418,3,1455.0,34.39476704383968,3,BDL-Gaussian
sleep,gru,density_gau,objective_e20_bs32_eval5,none,4.0,0.0,0.6666666666666666,0.8281640681476611,0.006910702391101458,3,0.9540374794428588,0.0026575682656863175,3,0.8866375676374926,0.0028167409312667246,3,0.9236576092990186,0.0020504091146001,3,0.796367909986509,0.004550834868487919,3,0.9416098765004824,0.0017899359574378648,3,0.08600363116029869,0.006359587551670128,3,0.2757077113279958,0.003047237575762315,3,1449.0,37.72267222772003,3,BDL-Gaussian
sleep,gru,density_gau,objective_e20_bs32_eval5,none,4.0,0.2393167939518393,0.8333333333333333,0.8737932777407776,0.0096803218519001,3,0.8992882525743712,0.013451749389578632,3,0.8862627261737717,0.0032185924834742157,3,0.9248952400545817,0.0019854957121629466,3,0.7957656539412787,0.005193511014330504,3,0.9447690664984912,0.0013490312920161481,3,0.08673623450129941,0.006353328199151712,3,0.2463437024389702,0.0062231195042321,3,871.6666666666666,134.64892622421218,3,BDL-Gaussian
sleep,gru,density_gau,objective_e20_bs32_eval5,none,4.0,0.0,0.8333333333333333,0.8738929913401687,0.00967384007466693,3,0.8987837671060298,0.013684266775066891,3,0.8860668600972366,0.003274718745248289,3,0.9247743808299308,0.002010136318655724,3,0.7954502461700054,0.005281493155148992,3,0.944693438853126,0.001346184309089627,3,0.08600363116029869,0.006359587551670128,3,0.24617786639457806,0.0062851717111476165,3,865.0,138.93523671121017,3,BDL-Gaussian
sleep,gru,density_gau,objective_e20_bs32_eval5,none,4.0,1.0,0.8333333333333333,0.8458785748181398,0.00953297959003677,3,0.9006591006121001,0.013262003248828058,3,0.87232035602976,0.0036973445714130887,3,0.9152107048512713,0.002359051051816145,3,0.7735660691733939,0.005823147386959716,3,0.9369089186784901,0.0017322413258169633,3,0.09513070802444645,0.006131474424496655,3,0.2548599841737402,0.006315740832571931,3,897.3333333333334,136.64674651572693,3,BDL-Gaussian
sleep,gru,density_gau,objective_e20_bs32_eval5,none,4.0,1.0,0.6666666666666666,0.7983199670823535,0.006131857762993719,3,0.9549051810579487,0.0026907369212980725,3,0.8696042226379883,0.0025099423442761946,3,0.9115582040378563,0.0018798097362691657,3,0.76929764020043,0.003933185969132123,3,0.9314603634228815,0.0017054185757059684,3,0.09513070802444645,0.006131474424496655,3,0.286272535542857,0.002992929566199935,3,1428.0,41.60528812542944,3,BDL-Gaussian
sleep,gru,density_gau,objective_e20_bs32_eval5,none,1.0,0.2393167939518393,0.5,0.7113169073896694,0.03260143218891131,3,0.9667498214047795,0.004607036981890775,3,0.8193603629397402,0.023190436187480075,3,0.874009617444686,0.01739212104766488,3,0.6944307438190279,0.03312521388587785,3,0.8977299796104451,0.015631217930948033,3,0.1327685188577852,0.0040352631250754065,3,0.3256721620619258,0.013653360698445003,3,951.6666666666666,36.29508690350988,3,BDL-Gaussian
sleep,gru,density_gau,objective_e20_bs32_eval5,none,1.0,0.0,0.5,0.7114071881082253,0.03315698592679844,3,0.9594625115185828,0.005181719026795022,3,0.8167907239416442,0.023705939839713787,3,0.8724389064682304,0.01772828562289556,3,0.6907683099590444,0.03371163027308425,3,0.8967310911659219,0.01588338700721362,3,0.1318512809955177,0.004044357289363412,3,0.3231830992294526,0.013541825980161216,3,876.3333333333334,50.05330491918922,3,BDL-Gaussian
sleep,gru,density_gau,objective_e20_bs32_eval5,none,4.0,0.0,0.5,0.6762876825107836,0.03980346759728079,3,0.9716779559378085,0.000915527965006602,3,0.7970747272002209,0.028158009840079132,3,0.8564851072577925,0.022027614597828968,3,0.6632176486512594,0.03870643097224457,3,0.8811194835614554,0.020715337657655795,3,0.08600363116029869,0.006359587551670128,3,0.3446414288241311,0.020281291694518297,3,1708.3333333333333,19.857828011475338,3,BDL-Gaussian
sleep,gru,density_gau,objective_e20_bs32_eval5,none,4.0,0.2393167939518393,0.5,0.6755604065431657,0.04004964965585465,3,0.9717885387953901,0.0008966486100617947,3,0.7965995279035317,0.028359634106779604,3,0.8561027929402171,0.022206867192470958,3,0.6625688930574013,0.0389415152304518,3,0.8807495436704788,0.02090316160119198,3,0.08673623450129941,0.006353328199151712,3,0.3450642973849926,0.02047710662971742,3,1709.0,21.0,3,BDL-Gaussian
sleep,gru,density_gau,objective_e20_bs32_eval5,none,1.0,0.2393167939518393,0.6666666666666666,0.8710769950767517,0.01214713016565391,3,0.7322696400622836,0.04144858287554806,3,0.7950068935127114,0.020101930413803256,3,0.8686109434125336,0.01165500651344707,3,0.6600657615232864,0.027445195106345,3,0.9098619143877964,0.0058406722897112046,3,0.1327685188577852,0.0040352631250754065,3,0.20131013679631038,0.014036676713342532,3,1567.3333333333333,418.1080402639171,3,BDL-Gaussian
sleep,gru,density_gau,objective_e20_bs32_eval5,none,1.0,1.0,0.5,0.6650129560405176,0.029051378928941662,3,0.9705819470304764,0.004167881793374631,3,0.789051401854076,0.02174961261591339,3,0.850384687638317,0.01692477632884505,3,0.651951816242874,0.029569946874137856,3,0.8755473390605252,0.01581042757003182,3,0.14772911383378748,0.003882500402420909,3,0.3496889866493706,0.014003273107634537,3,667.3333333333334,48.01388688008222,3,BDL-Gaussian
sleep,gru,density_gau,objective_e20_bs32_eval5,none,1.0,1.0,0.6666666666666666,0.806959904001086,0.007379454266040952,3,0.7683617199863506,0.034980540806261985,3,0.7867926370134501,0.015221903793010801,3,0.860944892086921,0.00876837187668334,3,0.6486945986309728,0.020538807257357457,3,0.9005018716774041,0.0043686564331383345,3,0.14772911383378748,0.003882500402420909,3,0.22794506121566527,0.012382687115373128,3,1400.3333333333333,357.08589069484856,3,BDL-Gaussian
sleep,gru,density_gau,objective_e20_bs32_eval5,none,4.0,1.0,0.5,0.6536280822216605,0.03677805115187662,3,0.9721623557206153,0.0008244699097892602,3,0.7813035180155233,0.02672155307432527,3,0.8440284405232835,0.0213457903634546,3,0.6416209678758986,0.03579917261829074,3,0.869296628716116,0.02046135172428428,3,0.09513070802444645,0.006131474424496655,3,0.356696133675495,0.020068534623484253,3,1622.6666666666667,23.755701070129078,3,BDL-Gaussian
sleep,gru,density_gau,objective_e20_bs32_eval5,none,1.0,0.0,0.6666666666666666,0.8685033547116267,0.012503730177786073,3,0.7036290147100867,0.03893620220099643,3,0.7767959731046253,0.0194424817582938,3,0.8575927825800219,0.011148555381519222,3,0.6353232777940353,0.025769874064451047,3,0.9034516703027755,0.0053199933438156915,3,0.1318512809955177,0.004044357289363412,3,0.1940120156092042,0.013362568982058048,3,1875.3333333333333,405.94375636697913,3,BDL-Gaussian
sleep,gru,density_gau,objective_e20_bs32_eval5,none,4.0,0.0,0.3333333333333333,0.5479827800444598,0.022833355422092277,3,0.9826862506564114,0.00029749920987806144,3,0.7034228388363175,0.01891275419020962,3,0.7770279401491402,0.01721195700842348,3,0.5427416051568215,0.022488062970502588,3,0.8013729889241817,0.017961753793320004,3,0.08600363116029869,0.006359587551670128,3,0.4296568630592707,0.017824517423424408,3,1614.6666666666667,47.120413127787145,3,BDL-Gaussian
sleep,gru,density_gau,objective_e20_bs32_eval5,none,4.0,0.2393167939518393,0.3333333333333333,0.5467154526314318,0.022516260001487782,3,0.9828143526952647,0.00026424787058454077,3,0.7024143674438673,0.018673207782338563,3,0.7760980505297087,0.01703169877566006,3,0.5415367767500517,0.022169439145672907,3,0.8003932744377704,0.017793011848003377,3,0.08673623450129941,0.006353328199151712,3,0.4306978914841562,0.017673931025860824,3,1618.0,48.218253804964775,3,BDL-Gaussian
sleep,gru,density_gau,objective_e20_bs32_eval5,none,0.25,0.2393167939518393,0.5,0.6475587047151365,0.038188246720844685,3,0.757613869656845,0.027540154998516423,3,0.6979057591162731,0.028468249456612756,3,0.7958259854332885,0.020294906752213758,3,0.5364805140040511,0.03385145889558218,3,0.8428216653122055,0.017447113244491278,3,0.2039497001243852,0.0014531419548326297,3,0.2804809854154009,0.015944176978822312,3,1922.3333333333333,234.66003778516128,3,BDL-Gaussian
sleep,gru,density_gau,objective_e20_bs32_eval5,none,4.0,1.0,0.3333333333333333,0.5323325437728786,0.020895859227465594,3,0.9830490204545926,0.0002857445170869596,3,0.6905034216873531,0.017663473673120197,3,0.76508446591826,0.016491165285699473,3,0.5274896807730847,0.020594848339802102,3,0.788809319633193,0.01740679676665378,3,0.09513070802444645,0.006131474424496655,3,0.44239416616034594,0.017282147080224918,3,1464.3333333333333,46.54388610046793,3,BDL-Gaussian
sleep,gru,density_gau,objective_e20_bs32_eval5,none,0.25,0.0,0.5,0.647359234313264,0.03815172649133737,3,0.6855346017220575,0.025826369902619335,3,0.665489110974489,0.026084137209217106,3,0.7779272654293586,0.018330495899001594,3,0.4990610718605981,0.029520371833400897,3,0.8348920853319113,0.015650224872372553,3,0.20109422372801533,0.0014098299446540234,3,0.253911006770597,0.015631082809597283,3,2635.6666666666665,225.50018477449925,3,BDL-Gaussian
sleep,gru,density_gau,objective_e20_bs32_eval5,none,4.0,0.0,0.16666666666666666,0.44254109670105324,0.017794713381664606,3,0.9919025674639123,0.00013412755884440497,3,0.6118849926019282,0.017056120829740815,3,0.6826060021367116,0.01956731112178819,3,0.4409477276640145,0.017691946157873117,3,0.6984628040167253,0.021648089008664734,3,0.08600363116029869,0.006359587551670128,3,0.5369782867475584,0.021586192282083163,3,1102.3333333333333,120.4007198206611,3,BDL-Gaussian
sleep,gru,density_gau,objective_e20_bs32_eval5,none,4.0,0.2393167939518393,0.16666666666666666,0.4351991437558704,0.01712872011940389,3,0.9921065487592292,0.00014812364035368976,3,0.6048740008651876,0.016592772371358935,3,0.6744459486734851,0.019449309074551457,3,0.4336973702960328,0.017038796293434102,3,0.6894141378405702,0.02154808316593076,3,0.08673623450129941,0.006353328199151712,3,0.5461245852229563,0.021477407956617314,3,1050.6666666666667,116.63761543058627,3,BDL-Gaussian
sleep,gru,density_gau,objective_e20_bs32_eval5,none,4.0,1.0,0.16666666666666666,0.43247617018032053,0.01683356812568932,3,0.9921665826415489,0.00014615969067433034,3,0.6022525854513635,0.01636744428884462,3,0.6713540429255382,0.019341029913933026,3,0.43100441589670285,0.016746047133270305,3,0.6859837084379089,0.021437362319220138,3,0.09513070802444645,0.006131474424496655,3,0.549583748858108,0.02136848510541934,3,889.3333333333334,106.60362720533169,3,BDL-Gaussian
sleep,gru,density_gau,objective_e20_bs32_eval5,none,1.0,0.0,0.3333333333333333,0.4190784094880942,0.017277351295561957,3,0.9946816452318926,0.0002502723971536897,3,0.5895646540135253,0.016979455562199142,3,0.6554200590579046,0.020653020999202392,3,0.418139853537104,0.017189171045941948,3,0.6681227925913963,0.0229166016935417,3,0.1318512809955177,0.004044357289363412,3,0.5686484581360393,0.02294500193537894,3,944.6666666666666,304.276738074624,3,BDL-Gaussian
sleep,gru,density_gau,objective_e20_bs32_eval5,none,0.25,1.0,0.5,0.42746691781535545,0.0177792773167647,3,0.9495313674803377,0.011773541328678219,3,0.5894240257654362,0.01817263281723812,3,0.6656243203152684,0.019457194793799575,3,0.4180185145604942,0.018394303804220326,3,0.6830665162231981,0.021176696703142976,3,0.25186049203890376,0.0018176156873228634,3,0.5320942950691631,0.018891045045665338,3,2772.6666666666665,268.42006879764654,3,BDL-Gaussian
sleep,gru,density_gau,objective_e20_bs32_eval5,none,1.0,0.2393167939518393,0.3333333333333333,0.4145403549174147,0.017123352394033692,3,0.9961234626918434,0.00014144413024851863,3,0.5853083216599456,0.016963357628584273,3,0.6497682040864277,0.020945844746454084,3,0.4138720675017209,0.017070461583032596,3,0.661753353252886,0.023232179517897047,3,0.1327685188577852,0.0040352631250754065,3,0.5757079997385078,0.023225466798962254,3,990.0,308.43637917729484,3,BDL-Gaussian
sleep,gru,density_gau,objective_e20_bs32_eval5,none,1.0,1.0,0.3333333333333333,0.3884990496962359,0.014852386873136924,3,0.9968334916754875,0.00013729137047328096,3,0.5589889819099331,0.015272306654396814,3,0.6149087495029087,0.020829647554068,3,0.38801901676703693,0.014800956534139683,3,0.6231608221878694,0.023003667684833726,3,0.14772911383378748,0.003882500402420909,3,0.6146403745234817,0.02304766354050333,3,1711.6666666666667,274.75868199810054,3,BDL-Gaussian
sleep,gru,density_gau,objective_e20_bs32_eval5,none,0.25,0.2393167939518393,0.3333333333333333,0.25191043544411396,0.00013016728498818677,3,0.9946103410482451,0.0008190643448331516,3,0.40200327370737177,0.00022170891794807127,3,0.26697747674065414,0.000421675561825759,3,0.25156703562464905,0.00017363278817432242,3,0.29184991416048617,0.00030782476933225496,3,0.2039497001243852,0.0014531419548326297,3,0.9448872079896975,0.0005039877952292234,3,8731.0,23.259406699226016,3,BDL-Gaussian
sleep,gru,density_gau,objective_e20_bs32_eval5,none,0.25,0.0,0.3333333333333333,0.25107066741524714,0.0009548680274158976,3,0.9151197899126563,0.004655428515737631,3,0.3940345433937187,0.0015975884888913404,3,0.3179194389219051,0.00126723906387934,3,0.2453576199456836,0.0012381982772116953,3,0.32641431174142693,0.0012965998440963853,3,0.20109422372801533,0.0014098299446540234,3,0.872275962714289,0.001478352508299403,3,8715.666666666666,16.16580753730926,3,BDL-Gaussian
sleep,gru,density_gau,objective_e20_bs32_eval5,none,0.25,0.0,0.16666666666666666,0.24579952390617524,0.0002034675635361203,3,0.9888661697468066,0.0017356675837484458,3,0.39373033954004716,0.0001576575987487248,3,0.2401598536277202,0.0024330277020562737,3,0.24512095451770413,0.00012220842898765479,3,0.2712007629846685,0.0015982572599341697,3,0.20109422372801533,0.0014098299446540234,3,0.9627870058459743,0.0024116155327716005,3,9092.333333333334,24.193663082165326,3,BDL-Gaussian
sleep,gru,density_gau,objective_e20_bs32_eval5,none,1.0,0.0,0.16666666666666666,0.2437668167798169,0.00021043366525833163,3,0.9994883729545799,0.00011012802942156826,3,0.3919421948802367,0.00027942537355869247,3,0.21987820941897218,0.0011139575245047923,3,0.24373640915693487,0.00021610297676667085,3,0.2578290101665774,0.0007996193297504665,3,0.1318512809955177,0.004044357289363412,3,0.9812429018968439,0.0007551650435127921,3,9252.0,6.244997998398398,3,BDL-Gaussian
sleep,gru,density_gau,objective_e20_bs32_eval5,none,1.0,0.2393167939518393,0.16666666666666666,0.24009144109200534,6.732720991886764e-05,3,0.9999982146057302,2.8074757192607904e-06,3,0.3872155684781995,8.771234288661109e-05,3,0.19783301323770294,0.0004061018898372058,3,0.2400913382184974,6.744481086425045e-05,3,0.24254413428564348,0.00027842807519066473,3,0.1327685188577852,0.0040352631250754065,3,0.9967718051165306,0.000277456716064558,3,9455.0,9.848857801796104,3,BDL-Gaussian
sleep,gru,density_gau,objective_e20_bs32_eval5,none,0.25,1.0,0.3333333333333333,0.24007981494131073,0.0003290766501601625,3,1.0,0.0,3,0.38720050935768935,0.0004279845950740765,3,0.1977572014512047,0.0019953141172589926,3,0.24007981494131073,0.0003290766501601625,3,0.24249374256007697,0.0013663486367338827,3,0.25186049203890376,0.0018176156873228634,3,0.9968230513917623,0.0013663486367338272,3,9562.0,3.0,3,BDL-Gaussian
sleep,gru,density_gau,objective_e20_bs32_eval5,none,1.0,1.0,0.16666666666666666,0.23958469106762448,3.0780592449240206e-05,3,0.9999983261928721,2.8991189875374516e-06,3,0.38655626336549437,4.011070394087079e-05,3,0.19474756541560567,0.0001876487193326037,3,0.23958459499546517,3.081672429721631e-05,3,0.2404358267383463,0.00012801031434573888,3,0.14772911383378748,0.003882500402420909,3,0.998880166073182,0.00012773551054429247,3,9546.333333333334,5.507570547286363,3,BDL-Gaussian
sleep,gru,density_gau,objective_e20_bs32_eval5,none,0.25,0.0,0.0,0.23931679395183933,0.0,3,1.0,0.0,3,0.38620761877796256,0.0,3,0.19310380938898128,0.0,3,0.23931679395183933,0.0,3,0.23931679395183933,0.0,3,0.20109422372801533,0.0014098299446540234,3,1.0,0.0,3,9578.0,0.0,3,BDL-Gaussian
sleep,gru,density_gau,objective_e20_bs32_eval5,none,0.25,0.2393167939518393,0.0,0.23931679395183933,0.0,3,1.0,0.0,3,0.38620761877796256,0.0,3,0.19310380938898128,0.0,3,0.23931679395183933,0.0,3,0.23931679395183933,0.0,3,0.2039497001243852,0.0014531419548326297,3,1.0,0.0,3,9578.0,0.0,3,BDL-Gaussian
sleep,gru,density_gau,objective_e20_bs32_eval5,none,0.25,0.2393167939518393,0.16666666666666666,0.23931679395183933,0.0,3,1.0,0.0,3,0.38620761877796256,0.0,3,0.19310380938898128,0.0,3,0.23931679395183933,0.0,3,0.23931679395183933,0.0,3,0.2039497001243852,0.0014531419548326297,3,1.0,0.0,3,9578.0,0.0,3,BDL-Gaussian
sleep,gru,density_gau,objective_e20_bs32_eval5,none,0.25,1.0,0.0,0.23931679395183933,0.0,3,1.0,0.0,3,0.38620761877796256,0.0,3,0.19310380938898128,0.0,3,0.23931679395183933,0.0,3,0.23931679395183933,0.0,3,0.25186049203890376,0.0018176156873228634,3,1.0,0.0,3,9578.0,0.0,3,BDL-Gaussian
sleep,gru,density_gau,objective_e20_bs32_eval5,none,0.25,1.0,0.16666666666666666,0.23931679395183933,0.0,3,1.0,0.0,3,0.38620761877796256,0.0,3,0.19310380938898128,0.0,3,0.23931679395183933,0.0,3,0.23931679395183933,0.0,3,0.25186049203890376,0.0018176156873228634,3,1.0,0.0,3,9578.0,0.0,3,BDL-Gaussian
sleep,gru,density_gau,objective_e20_bs32_eval5,none,1.0,0.0,0.0,0.23931679395183933,0.0,3,1.0,0.0,3,0.38620761877796256,0.0,3,0.19310380938898128,0.0,3,0.23931679395183933,0.0,3,0.23931679395183933,0.0,3,0.1318512809955177,0.004044357289363412,3,1.0,0.0,3,9578.0,0.0,3,BDL-Gaussian
sleep,gru,density_gau,objective_e20_bs32_eval5,none,1.0,0.2393167939518393,0.0,0.23931679395183933,0.0,3,1.0,0.0,3,0.38620761877796256,0.0,3,0.19310380938898128,0.0,3,0.23931679395183933,0.0,3,0.23931679395183933,0.0,3,0.1327685188577852,0.0040352631250754065,3,1.0,0.0,3,9578.0,0.0,3,BDL-Gaussian
sleep,gru,density_gau,objective_e20_bs32_eval5,none,1.0,1.0,0.0,0.23931679395183933,0.0,3,1.0,0.0,3,0.38620761877796256,0.0,3,0.19310380938898128,0.0,3,0.23931679395183933,0.0,3,0.23931679395183933,0.0,3,0.14772911383378748,0.003882500402420909,3,1.0,0.0,3,9578.0,0.0,3,BDL-Gaussian
sleep,gru,density_gau,objective_e20_bs32_eval5,none,4.0,0.0,0.0,0.23931679395183933,0.0,3,1.0,0.0,3,0.38620761877796256,0.0,3,0.19310380938898128,0.0,3,0.23931679395183933,0.0,3,0.23931679395183933,0.0,3,0.08600363116029869,0.006359587551670128,3,1.0,0.0,3,9578.0,0.0,3,BDL-Gaussian
sleep,gru,density_gau,objective_e20_bs32_eval5,none,4.0,0.2393167939518393,0.0,0.23931679395183933,0.0,3,1.0,0.0,3,0.38620761877796256,0.0,3,0.19310380938898128,0.0,3,0.23931679395183933,0.0,3,0.23931679395183933,0.0,3,0.08673623450129941,0.006353328199151712,3,1.0,0.0,3,9578.0,0.0,3,BDL-Gaussian
sleep,gru,density_gau,objective_e20_bs32_eval5,none,4.0,1.0,0.0,0.23931679395183933,0.0,3,1.0,0.0,3,0.38620761877796256,0.0,3,0.19310380938898128,0.0,3,0.23931679395183933,0.0,3,0.23931679395183933,0.0,3,0.09513070802444645,0.006131474424496655,3,1.0,0.0,3,9578.0,0.0,3,BDL-Gaussian
sleep,gru,density_gau,objective_e20_bs32_eval5,none,0.25,1.0,0.6666666666666666,0.3741716771764423,0.00412108756808899,3,0.18050447654136992,0.0029109157447914495,3,0.24351254998992336,0.0026481289512393625,3,0.5401917684140032,0.001284934856975383,3,0.13863781559883923,0.0017181223012859156,3,0.7316180491998424,0.0014200348406595558,3,0.25186049203890376,0.0018176156873228634,3,0.11546066208798955,0.0024136597459303187,3,8677.0,38.93584466786357,3,BDL-Gaussian
sleep,gru,density_gau,objective_e20_bs32_eval5,none,0.25,1.0,0.8333333333333333,0.3997762432369372,0.008387595713247962,3,0.06818766636248012,0.0009927560086936823,3,0.11650172072346072,0.00171585453106414,3,0.4862957358868183,0.001042402150313299,3,0.06185449079490546,0.0009670875631752027,3,0.7524949645660981,0.0007767858370330474,3,0.25186049203890376,0.0018176156873228634,3,0.04082514888391541,0.00060902545758023,3,9178.0,4.58257569495584,3,BDL-Gaussian
sleep,gru,density_gau,objective_e20_bs32_eval5,none,1.0,1.0,0.8333333333333333,0.457443271912066,0.03813208847302184,3,0.051704794877168225,0.000991047692454669,3,0.09286968912953314,0.0019625721893245167,3,0.47670776316375524,0.00155153371710401,3,0.04869677827120928,0.0010797716963184933,3,0.758257192958169,0.0023472789169770494,3,0.14772911383378748,0.003882500402420909,3,0.027173664573874535,0.0022964175448726048,3,9079.0,14.422205101855956,3,BDL-Gaussian
sleep,gru,density_gau,objective_e20_bs32_eval5,none,1.0,0.2393167939518393,0.8333333333333333,0.591906431769207,0.3262751828973848,3,0.004661218089704011,0.0006010759554351672,3,0.009220803619526012,0.0011938520561693275,3,0.4364297310696277,0.0009663418188179596,3,0.004631996944638839,0.0006025062957779756,3,0.7602729420948601,0.002109784176930127,3,0.1327685188577852,0.0040352631250754065,3,0.0026412794915771313,0.002103733738962835,3,9504.666666666666,16.289055630493895,3,BDL-Gaussian
sleep,gru,density_gau,objective_e20_bs32_eval5,none,1.0,0.0,0.8333333333333333,0.5774565841744176,0.3276706040592908,3,0.004327237774122183,0.0007499504993215055,3,0.008563095468969018,0.0014917593877339902,3,0.43608129068675855,0.0010986440034785666,3,0.004300333949692869,0.0007523937791425526,3,0.7601931485198773,0.00212118805206669,3,0.1318512809955177,0.004044357289363412,3,0.0025612188698238857,0.002097270004857459,3,9508.666666666666,15.275252316519218,3,BDL-Gaussian
sleep,gru,density_gau,objective_e20_bs32_eval5,none,0.25,0.2393167939518393,0.6666666666666666,0.08825903768056446,0.05258466560635772,3,0.0011221202985268487,0.0003450688883358679,3,0.0022085740337899093,0.000683665807749558,3,0.4320001704967482,0.000969155638974542,3,0.001105585986400137,0.0003426465996152039,3,0.7572152031649102,0.0024734431968986273,3,0.2039497001243852,0.0014531419548326297,3,0.004005087347794023,0.0024260587239419086,3,9542.333333333334,9.018499505645773,3,BDL-Gaussian
sleep,gru,density_gau,objective_e20_bs32_eval5,none,0.25,0.0,0.6666666666666666,0.08052588533285951,0.05479162315558638,3,0.0009597610071230535,0.00024812281102281475,3,0.0018906609822055048,0.0004976530693990469,3,0.4318449529727539,0.0009800467068151193,3,0.0009462663789181796,0.000249290264740225,3,0.7572172594250418,0.0024616784936825863,3,0.20109422372801533,0.0014098299446540234,3,0.003925320477488171,0.002385110676625296,3,9548.333333333334,8.08290376865463,3,BDL-Gaussian
sleep,gru,density_gau,objective_e20_bs32_eval5,none,0.25,0.0,0.8333333333333333,0.0,0.0,3,0.0,0.0,3,0.0,0.0,3,0.4319162611363674,0.00021199418667688797,3,0.0,0.0,3,0.7603040263389298,0.0006567585215872146,3,0.20109422372801533,0.0014098299446540234,3,0.000379179709230931,0.000656758521587166,3,9576.333333333334,2.8867513459483916,3,BDL-Gaussian
sleep,gru,density_gau,objective_e20_bs32_eval5,none,0.25,0.0,1.0,0.0,0.0,3,0.0,0.0,3,0.0,0.0,3,0.4320386560371119,0.0,3,0.0,0.0,3,0.7606832060481606,0.0,3,0.20109422372801533,0.0014098299446540234,3,0.0,0.0,3,9578.0,0.0,3,BDL-Gaussian
sleep,gru,density_gau,objective_e20_bs32_eval5,none,0.25,0.2393167939518393,0.8333333333333333,0.0,0.0,3,0.0,0.0,3,0.0,0.0,3,0.43191619213203003,0.00021211370569503368,3,0.0,0.0,3,0.7603038127015136,0.0006571285524465865,3,0.2039497001243852,0.0014531419548326297,3,0.00037939334664721707,0.0006571285524465713,3,9576.333333333334,2.8867513459483916,3,BDL-Gaussian
sleep,gru,density_gau,objective_e20_bs32_eval5,none,0.25,0.2393167939518393,1.0,0.0,0.0,3,0.0,0.0,3,0.0,0.0,3,0.4320386560371119,0.0,3,0.0,0.0,3,0.7606832060481606,0.0,3,0.2039497001243852,0.0014531419548326297,3,0.0,0.0,3,9578.0,0.0,3,BDL-Gaussian
sleep,gru,density_gau,objective_e20_bs32_eval5,none,0.25,1.0,1.0,0.0,0.0,3,0.0,0.0,3,0.0,0.0,3,0.4320386560371119,0.0,3,0.0,0.0,3,0.7606832060481606,0.0,3,0.25186049203890376,0.0018176156873228634,3,0.0,0.0,3,9578.0,0.0,3,BDL-Gaussian
sleep,gru,density_gau,objective_e20_bs32_eval5,none,1.0,0.0,1.0,0.0,0.0,3,0.0,0.0,3,0.0,0.0,3,0.4320386560371119,0.0,3,0.0,0.0,3,0.7606832060481606,0.0,3,0.1318512809955177,0.004044357289363412,3,0.0,0.0,3,9578.0,0.0,3,BDL-Gaussian
sleep,gru,density_gau,objective_e20_bs32_eval5,none,1.0,0.2393167939518393,1.0,0.0,0.0,3,0.0,0.0,3,0.0,0.0,3,0.4320386560371119,0.0,3,0.0,0.0,3,0.7606832060481606,0.0,3,0.1327685188577852,0.0040352631250754065,3,0.0,0.0,3,9578.0,0.0,3,BDL-Gaussian
sleep,gru,density_gau,objective_e20_bs32_eval5,none,1.0,1.0,1.0,0.0,0.0,3,0.0,0.0,3,0.0,0.0,3,0.4320386560371119,0.0,3,0.0,0.0,3,0.7606832060481606,0.0,3,0.14772911383378748,0.003882500402420909,3,0.0,0.0,3,9578.0,0.0,3,BDL-Gaussian
sleep,gru,density_gau,objective_e20_bs32_eval5,none,4.0,0.0,1.0,0.0,0.0,3,0.0,0.0,3,0.0,0.0,3,0.4320386560371119,0.0,3,0.0,0.0,3,0.7606832060481606,0.0,3,0.08600363116029869,0.006359587551670128,3,0.0,0.0,3,9578.0,0.0,3,BDL-Gaussian
sleep,gru,density_gau,objective_e20_bs32_eval5,none,4.0,0.2393167939518393,1.0,0.0,0.0,3,0.0,0.0,3,0.0,0.0,3,0.4320386560371119,0.0,3,0.0,0.0,3,0.7606832060481606,0.0,3,0.08673623450129941,0.006353328199151712,3,0.0,0.0,3,9578.0,0.0,3,BDL-Gaussian
sleep,gru,density_gau,objective_e20_bs32_eval5,none,4.0,1.0,1.0,0.0,0.0,3,0.0,0.0,3,0.0,0.0,3,0.4320386560371119,0.0,3,0.0,0.0,3,0.7606832060481606,0.0,3,0.09513070802444645,0.006131474424496655,3,0.0,0.0,3,9578.0,0.0,3,BDL-Gaussian
sleep,gru,density_hard,objective_e20_bs32_eval5,none,4.0,0.0,0.6666666666666666,0.824137135282519,0.003697527067988173,3,0.9591267458087311,0.0022980411529792645,3,0.8865164355644807,0.0015028782402893525,3,0.923433031954478,0.001090902026053919,3,0.7961669967493658,0.0024252089376338645,3,0.9412324592999358,0.0009522080261059738,3,0.08584223225318571,0.006271019752767202,3,0.27852102234903736,0.0018249727947472797,3,1521.0,64.96922348312314,3,BDL-Hard
sleep,gru,density_hard,objective_e20_bs32_eval5,none,4.0,0.2393167939518393,0.6666666666666666,0.8239530832207693,0.0037158185557784607,3,0.9592597576818261,0.0022437873034134624,3,0.8864668288316379,0.001538824194288137,3,0.923394335458533,0.0011152258091479156,3,0.7960870848803965,0.0024830536451877737,3,0.941195286389502,0.0009706773919248542,3,0.08654273742391637,0.006270970576858357,3,0.2786218592095245,0.001812572751493061,3,1527.6666666666667,66.108496680331,3,BDL-Hard
sleep,gru,density_hard,objective_e20_bs32_eval5,none,4.0,0.2393167939518393,0.8333333333333333,0.8767360379531643,0.006254903585946289,3,0.8961737438579647,0.006249233482976885,3,0.8863192479841655,0.0006827580817733126,3,0.9250144688119599,0.0005179663075908769,3,0.7958472369069088,0.0011013506676144818,3,0.9449831845989641,0.0005693591933854596,3,0.08654273742391637,0.006270970576858357,3,0.2446388758570065,0.0034447128820456843,3,843.3333333333334,66.60580555276943,3,BDL-Hard
sleep,gru,density_hard,objective_e20_bs32_eval5,none,4.0,0.0,0.8333333333333333,0.8768807693782971,0.006394642392202844,3,0.8956201600472058,0.006125845201610324,3,0.88612221272174,0.0007171158233847479,3,0.9248938388284985,0.0005643022738247701,3,0.795529613462857,0.0011563751247773977,3,0.9449092927576062,0.0006208057740354337,3,0.08584223225318571,0.006271019752767202,3,0.24444780389281554,0.0034488327805007914,3,840.6666666666666,75.56674753708364,3,BDL-Hard
sleep,gru,density_hard,objective_e20_bs32_eval5,none,4.0,1.0,0.8333333333333333,0.8495529065225234,0.006813563629967082,3,0.8979407262492906,0.006452867008032558,3,0.8730436202659257,0.0009085260298107608,3,0.915794506050284,0.0007574856357949958,3,0.7746923507591802,0.0014310322937800854,3,0.9374998397719377,0.0008462465280348729,3,0.09469057772143569,0.0060622133636210745,3,0.2529679578057557,0.0038413734666781617,3,880.3333333333334,56.589162684504636,3,BDL-Hard
sleep,gru,density_hard,objective_e20_bs32_eval5,none,4.0,1.0,0.6666666666666666,0.7960328890245427,0.004432582455728543,3,0.959919684038776,0.0023611492245097032,3,0.8703197905976241,0.0019478910371706624,3,0.9119059679294717,0.0014437292041487456,3,0.770416041127309,0.003052587575171916,3,0.9315376734629002,0.0012934250291710325,3,0.09469057772143569,0.0060622133636210745,3,0.28859533505610546,0.0022307428798853195,3,1502.0,58.12916651733448,3,BDL-Hard
sleep,gru,density_hard,objective_e20_bs32_eval5,none,1.0,0.2393167939518393,0.5,0.7030982753338625,0.03964295447137623,3,0.9684923662120384,0.003789902897729689,3,0.8143558200513006,0.02819923900465305,3,0.8700325602127538,0.021478608772621074,3,0.6874753317719234,0.03964571482408252,3,0.8939134806918777,0.019644042064751073,3,0.13617939929651493,0.003515443702748707,3,0.3303227014536744,0.017891065047039124,3,863.3333333333334,37.07200201409862,3,BDL-Hard
sleep,gru,density_hard,objective_e20_bs32_eval5,none,1.0,0.0,0.5,0.7043176179338717,0.03929823686971016,3,0.9610139075518384,0.003525877386017918,3,0.8125164166461989,0.027700211056812647,3,0.869039480133455,0.02106678034725624,3,0.6848375679757893,0.038824429524144,3,0.8934638807493034,0.01924683340458501,3,0.13524043152949897,0.003496512287905018,3,0.32719285989572783,0.017593475933856274,3,788.0,38.22302970723278,3,BDL-Hard
sleep,gru,density_hard,objective_e20_bs32_eval5,none,4.0,0.0,0.5,0.684128440863914,0.044264573354306766,3,0.976240307819826,0.00012777497622127516,3,0.8039380154730229,0.031130346133931723,3,0.8614885354490817,0.02441851280547075,3,0.6728986306044246,0.04290631982212891,3,0.8854529316180813,0.023020866128200482,3,0.08584223225318571,0.006271019752767202,3,0.3424916756180744,0.022962181850952883,3,1773.6666666666667,79.95206897468844,3,BDL-Hard
sleep,gru,density_hard,objective_e20_bs32_eval5,none,4.0,0.2393167939518393,0.5,0.6834027427957409,0.044256185294897325,3,0.9764300059609852,0.00018663042047859107,3,0.8035004612035559,0.03116972338909446,3,0.861136827493311,0.0244642419276975,3,0.6722881652974796,0.04292728806121955,3,0.8851121799391048,0.02307647984825017,3,0.08654273742391637,0.006270970576858357,3,0.3429232231989725,0.022999506062202822,3,1776.3333333333333,85.19585279421368,3,BDL-Hard
sleep,gru,density_hard,objective_e20_bs32_eval5,none,4.0,1.0,0.5,0.6625635985918548,0.040823163875625075,3,0.976825359204589,0.00018424240140959959,3,0.7890875993775066,0.029468888680030867,3,0.8498387540557516,0.023566241179718145,3,0.6522905565936671,0.03965839303526173,3,0.874471567850816,0.02260914126650576,3,0.09469057772143569,0.0060622133636210745,3,0.3537530646287366,0.022531114954141913,3,1702.6666666666667,72.47298347200382,3,BDL-Hard
sleep,gru,density_hard,objective_e20_bs32_eval5,none,1.0,1.0,0.5,0.6545858403157064,0.03445252908127608,3,0.9725160869603059,0.0038155033644619416,3,0.7821866268685818,0.02600903313058557,3,0.8447436996094199,0.020610202335036614,3,0.6427823611803335,0.034738560253456174,3,0.869984194035756,0.019585869094768345,3,0.15104039760363483,0.003396558020639027,3,0.35617787600826184,0.017831694091664036,3,569.0,57.29746940310715,3,BDL-Hard
sleep,gru,density_hard,objective_e20_bs32_eval5,none,1.0,0.2393167939518393,0.6666666666666666,0.8597087408000682,0.004430558636164391,3,0.6958163525600211,0.010888825043062003,3,0.7690807068166364,0.0057020980383266405,3,0.852638741804488,0.0033198097988384506,3,0.6248250941797294,0.007512109062054963,3,0.9000199323709395,0.001717785797936128,3,0.13617939929651493,0.003515443702748707,3,0.19370435102507502,0.0037543941098115105,3,1896.6666666666667,97.43886972524534,3,BDL-Hard
sleep,gru,density_hard,objective_e20_bs32_eval5,none,1.0,1.0,0.6666666666666666,0.794756845811766,0.0015739360752037147,3,0.7368726096639374,0.011042093039635823,3,0.7646896353748763,0.005814207613255507,3,0.8470863653552492,0.003440259049928274,3,0.6190501752898627,0.00760096610425193,3,0.8914866664615747,0.001887844970941286,3,0.15104039760363483,0.003396558020639027,3,0.22188852057798322,0.0034722666998490037,3,1680.0,100.6429331846007,3,BDL-Hard
sleep,gru,density_hard,objective_e20_bs32_eval5,none,1.0,0.0,0.6666666666666666,0.8574450914573912,0.004914669201403816,3,0.6699776803398855,0.009481634432140729,3,0.7521659644534372,0.005091407663855803,3,0.8425164455538855,0.0029492495906159443,3,0.6027950201907902,0.006534023537500764,3,0.8943529862665324,0.0015157860480723955,3,0.13524043152949897,0.003496512287905018,3,0.18700404073809163,0.0034008384599109676,3,2166.6666666666665,73.58215363342752,3,BDL-Hard
sleep,gru,density_hard,objective_e20_bs32_eval5,none,4.0,0.0,0.3333333333333333,0.5475997976523601,0.02154052203063645,3,0.9858545443751935,0.00036168881973171787,3,0.7039304697926966,0.01784125319467231,3,0.7771432305066601,0.01645396200644316,3,0.5433207594751427,0.021103955734793654,3,0.8012418155505822,0.01728682977932486,3,0.08584223225318571,0.006271019752767202,3,0.43130448822302375,0.01745938766073299,3,1606.6666666666667,34.67467856135563,3,BDL-Hard
sleep,gru,density_hard,objective_e20_bs32_eval5,none,4.0,0.2393167939518393,0.3333333333333333,0.5464259359053848,0.021302299285080182,3,0.9859323206130687,0.0003606030124803605,3,0.7029825335491618,0.017672135197585825,3,0.7762719230434465,0.01632937930285191,3,0.5421888833080566,0.020873568773549407,3,0.800326566154535,0.017170539226643723,3,0.08654273742391637,0.006270970576858357,3,0.4322569639388587,0.01734146758709808,3,1606.0,28.583211855912904,3,BDL-Hard
sleep,gru,density_hard,objective_e20_bs32_eval5,none,4.0,1.0,0.3333333333333333,0.5327500421728492,0.020135533245866588,3,0.9861817178751219,0.0003382177369599103,3,0.6916328981368624,0.017010420383361542,3,0.7657598145893202,0.016084806482352623,3,0.5287941357515408,0.019748573406167754,3,0.7892656491543804,0.01707660482799309,3,0.09469057772143569,0.0060622133636210745,3,0.4434372508453633,0.01723701956345638,3,1483.0,26.851443164195103,3,BDL-Hard
sleep,gru,density_hard,objective_e20_bs32_eval5,none,0.25,0.2393167939518393,0.5,0.6118611105212844,0.045821752878558344,3,0.7438096475118411,0.01272675512234509,3,0.6709557146565452,0.031072535318449373,3,0.7757948545354981,0.023784798906237074,3,0.5053894224644243,0.03520515289035976,3,0.8248661882043091,0.022224893095882464,3,0.2059304253734895,0.0011420936992414452,3,0.2918292981498145,0.018349915691304362,3,2351.0,155.65346125287417,3,BDL-Hard
sleep,gru,density_hard,objective_e20_bs32_eval5,none,0.25,0.0,0.5,0.6107025714603003,0.04654342709720659,3,0.6689282032707085,0.007934149483315446,3,0.6379824119343765,0.027593838050380324,3,0.7581105312988078,0.021202560841449516,3,0.46881207265307284,0.02978457386148569,3,0.817818850639246,0.020125098076790013,3,0.20305225643431557,0.0011290006612273916,3,0.2630358613903352,0.01784294065301478,3,3069.3333333333335,149.85771028990584,3,BDL-Hard
sleep,gru,density_hard,objective_e20_bs32_eval5,none,4.0,0.0,0.16666666666666666,0.4353599315804839,0.015284551393420961,3,0.9930360696509085,0.0001619388572800687,3,0.6052281004551617,0.014805970550723796,3,0.6747290803845223,0.017423101027583605,3,0.4340337290908618,0.01519159084820536,3,0.6896610492844428,0.019314014991487483,3,0.08584223225318571,0.006271019752767202,3,0.5463225736984995,0.019310725208216892,3,918.6666666666666,50.06329327294931,3,BDL-Hard
sleep,gru,density_hard,objective_e20_bs32_eval5,none,4.0,0.2393167939518393,0.16666666666666666,0.42842819469605464,0.014635093256638053,3,0.9932548920360927,0.00014379630178235598,3,0.5985421412373505,0.014320873814167044,3,0.6667751534269236,0.017220750570568596,3,0.4271845023029586,0.01455275249999289,3,0.6808287444016315,0.019105451207055743,3,0.08654273742391637,0.006270970576858357,3,0.5552596143246452,0.019096219005079098,3,881.6666666666666,48.12830075260638,3,BDL-Hard
sleep,gru,density_hard,objective_e20_bs32_eval5,none,4.0,1.0,0.16666666666666666,0.425648277737335,0.014443690639174254,3,0.9933073379927659,0.00013959283848848138,3,0.595834482429316,0.014186942030206135,3,0.6635103974384992,0.01720463945236395,3,0.4244302586277053,0.014363920275541191,3,0.677204011768858,0.019091297866429078,3,0.09469057772143569,0.0060622133636210745,3,0.5589094493538322,0.019081278163678654,3,709.0,45.17742799230607,3,BDL-Hard
sleep,gru,density_hard,objective_e20_bs32_eval5,none,0.25,1.0,0.5,0.414261928233752,0.018259009998539494,3,0.9394884131259508,0.010143299971837934,3,0.5748714411299712,0.018806304134134613,3,0.650556985077098,0.02086199909458569,3,0.4035458455827172,0.01860593735692996,3,0.6670400781656579,0.022840711620277218,3,0.25422785950608223,0.0011379173146467629,3,0.5433138378509101,0.020058576440121243,3,3281.3333333333335,247.23538042386522,3,BDL-Hard
sleep,gru,density_hard,objective_e20_bs32_eval5,none,1.0,0.0,0.3333333333333333,0.40192039288709763,0.012617874723188698,3,0.9939660368911554,0.000311385773803849,3,0.5723112291029088,0.012706481390762896,3,0.6337959776344949,0.016567254667444836,3,0.40093978895326354,0.01251401781324886,3,0.6442010366541987,0.0183832148137765,3,0.13524043152949897,0.003496512287905018,3,0.5922276998855759,0.018500894615063546,3,1451.0,246.19707553096563,3,BDL-Hard
sleep,gru,density_hard,objective_e20_bs32_eval5,none,1.0,0.2393167939518393,0.3333333333333333,0.39716397463860004,0.012326413233294725,3,0.9954723517191004,0.000314959269196393,3,0.5677197393837354,0.012519041494616379,3,0.6273171970397687,0.016617851033290332,3,0.39644614228792047,0.012250765651926222,3,0.6369310087873342,0.01840883375002534,3,0.13617939929651493,0.003515443702748707,3,0.6002187006230522,0.018496162724619795,3,1528.3333333333333,247.7707273536027,3,BDL-Hard
sleep,gru,density_hard,objective_e20_bs32_eval5,none,1.0,1.0,0.3333333333333333,0.3747132298626972,0.010196539078675564,3,0.9962746632690614,0.0003940263329348598,3,0.5445418161587635,0.010698335156115762,3,0.594657216037815,0.015655597567814393,3,0.3741873709913306,0.010130862840093718,3,0.6009327836869888,0.01717125224868735,3,0.15104039760363483,0.003396558020639027,3,0.6366009389791721,0.017290524234674854,3,2210.0,227.91006998375477,3,BDL-Hard
sleep,gru,density_hard,objective_e20_bs32_eval5,none,0.25,0.2393167939518393,0.3333333333333333,0.2516744160065741,0.0010093600813679778,3,0.9946390189437028,0.000304561215560007,3,0.401704275525762,0.0012707403264456065,3,0.26576262899036746,0.005157430291084286,3,0.2513334122217061,0.0009946710950626933,3,0.29093957842501367,0.003890205485469649,3,0.2059304253734895,0.0011420936992414452,3,0.9458112699291664,0.0039863912305355366,3,8690.666666666666,33.20140559273584,3,BDL-Hard
sleep,gru,density_hard,objective_e20_bs32_eval5,none,0.25,0.0,0.16666666666666666,0.24583220651960871,0.00018456343443992883,3,0.9882357023953073,0.00037823009458964706,3,0.393722467575983,0.0002091071963184893,3,0.2408601417498107,0.001278987144301165,3,0.24511485856179158,0.00016208275457889462,3,0.27164147026978985,0.0008991045281689299,3,0.20305225643431557,0.0011290006612273916,3,0.9620445357103486,0.0010733551688581451,3,9086.333333333334,15.275252316519218,3,BDL-Hard
sleep,gru,density_hard,objective_e20_bs32_eval5,none,0.25,0.0,0.3333333333333333,0.2503000193593849,0.00022112994269828153,3,0.9128305796974336,0.0006149790922495793,3,0.3928732926247472,0.000267369865154964,3,0.3162265828205216,0.001048550493328832,3,0.24445697263606,0.00020703211837151824,3,0.32481870728853957,0.000876969793381941,3,0.20305225643431557,0.0011290006612273916,3,0.8727758742683985,0.0010565526172082037,3,8680.333333333334,46.17719494873323,3,BDL-Hard
sleep,gru,density_hard,objective_e20_bs32_eval5,none,1.0,0.0,0.16666666666666666,0.2436230311223576,6.692440366693772e-05,3,0.99932746429602,6.381838294446323e-05,3,0.39174397491135604,8.63643232292536e-05,3,0.21920311401185122,0.0003889762466045186,3,0.24358309413742463,6.677916373392004e-05,3,0.2573313151006617,0.00027353937264195066,3,0.13524043152949897,0.003496512287905018,3,0.9816635806741885,0.0002805692537907029,3,9253.666666666666,14.742229591664161,3,BDL-Hard
sleep,gru,density_hard,objective_e20_bs32_eval5,none,1.0,0.2393167939518393,0.16666666666666666,0.240089040627679,9.632418895822988e-05,3,0.9999866095429771,1.870175197183792e-05,3,0.38721157346136525,0.00012587954421885866,3,0.1978293111673901,0.000576209052306511,3,0.24008826899591776,9.679426593436959e-05,3,0.2425401285840881,0.00039572637137702847,3,0.13617939929651493,0.003515443702748707,3,0.9967702562452626,0.0003921237238125756,3,9444.666666666666,14.742229591664161,3,BDL-Hard
sleep,gru,density_hard,objective_e20_bs32_eval5,none,0.25,1.0,0.3333333333333333,0.23987722208625803,0.000594597903856138,3,0.9999974334957372,4.445315780920672e-06,3,0.3869366183750296,0.0007735207121102136,3,0.19652048072945616,0.0036127536779559264,3,0.23987707453085894,0.0005946357236998101,3,0.2416503554499332,0.0024711249723366174,3,0.25422785950608223,0.0011379173146467629,3,0.9976652100867623,0.0024708161277614228,3,9540.333333333334,33.7095436535904,3,BDL-Hard
sleep,gru,density_hard,objective_e20_bs32_eval5,none,1.0,1.0,0.16666666666666666,0.23953102467739648,0.00014066101837613412,3,0.9999985493671558,1.6513388992267795e-06,3,0.3864864116017422,0.0001829690745226114,3,0.19441832437642337,0.0008621421927814653,3,0.23953094137353634,0.00014056707503826163,3,0.24021169438398507,0.0005874114186842696,3,0.15104039760363483,0.003396558020639027,3,0.9991044052462513,0.0005881938610187761,3,9550.666666666666,19.629909152447407,3,BDL-Hard
sleep,gru,density_hard,objective_e20_bs32_eval5,none,0.25,0.0,0.0,0.23931679395183933,0.0,3,1.0,0.0,3,0.38620761877796256,0.0,3,0.19310380938898128,0.0,3,0.23931679395183933,0.0,3,0.23931679395183933,0.0,3,0.20305225643431557,0.0011290006612273916,3,1.0,0.0,3,9578.0,0.0,3,BDL-Hard
sleep,gru,density_hard,objective_e20_bs32_eval5,none,0.25,0.2393167939518393,0.0,0.23931679395183933,0.0,3,1.0,0.0,3,0.38620761877796256,0.0,3,0.19310380938898128,0.0,3,0.23931679395183933,0.0,3,0.23931679395183933,0.0,3,0.2059304253734895,0.0011420936992414452,3,1.0,0.0,3,9578.0,0.0,3,BDL-Hard
sleep,gru,density_hard,objective_e20_bs32_eval5,none,0.25,0.2393167939518393,0.16666666666666666,0.23931679395183933,0.0,3,1.0,0.0,3,0.38620761877796256,0.0,3,0.19310380938898128,0.0,3,0.23931679395183933,0.0,3,0.23931679395183933,0.0,3,0.2059304253734895,0.0011420936992414452,3,1.0,0.0,3,9578.0,0.0,3,BDL-Hard
sleep,gru,density_hard,objective_e20_bs32_eval5,none,0.25,1.0,0.0,0.23931679395183933,0.0,3,1.0,0.0,3,0.38620761877796256,0.0,3,0.19310380938898128,0.0,3,0.23931679395183933,0.0,3,0.23931679395183933,0.0,3,0.25422785950608223,0.0011379173146467629,3,1.0,0.0,3,9578.0,0.0,3,BDL-Hard
sleep,gru,density_hard,objective_e20_bs32_eval5,none,0.25,1.0,0.16666666666666666,0.23931679395183933,0.0,3,1.0,0.0,3,0.38620761877796256,0.0,3,0.19310380938898128,0.0,3,0.23931679395183933,0.0,3,0.23931679395183933,0.0,3,0.25422785950608223,0.0011379173146467629,3,1.0,0.0,3,9578.0,0.0,3,BDL-Hard
sleep,gru,density_hard,objective_e20_bs32_eval5,none,1.0,0.0,0.0,0.23931679395183933,0.0,3,1.0,0.0,3,0.38620761877796256,0.0,3,0.19310380938898128,0.0,3,0.23931679395183933,0.0,3,0.23931679395183933,0.0,3,0.13524043152949897,0.003496512287905018,3,1.0,0.0,3,9578.0,0.0,3,BDL-Hard
sleep,gru,density_hard,objective_e20_bs32_eval5,none,1.0,0.2393167939518393,0.0,0.23931679395183933,0.0,3,1.0,0.0,3,0.38620761877796256,0.0,3,0.19310380938898128,0.0,3,0.23931679395183933,0.0,3,0.23931679395183933,0.0,3,0.13617939929651493,0.003515443702748707,3,1.0,0.0,3,9578.0,0.0,3,BDL-Hard
sleep,gru,density_hard,objective_e20_bs32_eval5,none,1.0,1.0,0.0,0.23931679395183933,0.0,3,1.0,0.0,3,0.38620761877796256,0.0,3,0.19310380938898128,0.0,3,0.23931679395183933,0.0,3,0.23931679395183933,0.0,3,0.15104039760363483,0.003396558020639027,3,1.0,0.0,3,9578.0,0.0,3,BDL-Hard
sleep,gru,density_hard,objective_e20_bs32_eval5,none,4.0,0.0,0.0,0.23931679395183933,0.0,3,1.0,0.0,3,0.38620761877796256,0.0,3,0.19310380938898128,0.0,3,0.23931679395183933,0.0,3,0.23931679395183933,0.0,3,0.08584223225318571,0.006271019752767202,3,1.0,0.0,3,9578.0,0.0,3,BDL-Hard
sleep,gru,density_hard,objective_e20_bs32_eval5,none,4.0,0.2393167939518393,0.0,0.23931679395183933,0.0,3,1.0,0.0,3,0.38620761877796256,0.0,3,0.19310380938898128,0.0,3,0.23931679395183933,0.0,3,0.23931679395183933,0.0,3,0.08654273742391637,0.006270970576858357,3,1.0,0.0,3,9578.0,0.0,3,BDL-Hard
sleep,gru,density_hard,objective_e20_bs32_eval5,none,4.0,1.0,0.0,0.23931679395183933,0.0,3,1.0,0.0,3,0.38620761877796256,0.0,3,0.19310380938898128,0.0,3,0.23931679395183933,0.0,3,0.23931679395183933,0.0,3,0.09469057772143569,0.0060622133636210745,3,1.0,0.0,3,9578.0,0.0,3,BDL-Hard
sleep,gru,density_hard,objective_e20_bs32_eval5,none,0.25,1.0,0.6666666666666666,0.37048850711476494,0.005662128904732032,3,0.18562253238984172,0.0050668509918544566,3,0.24731430590992073,0.005464891789892308,3,0.5412666875583918,0.002887088277815488,3,0.14111331686828352,0.003564337160540647,3,0.729630526906778,0.001375410404467413,3,0.25422785950608223,0.0011379173146467629,3,0.11989785781489941,0.002337248288192292,3,8652.333333333334,64.46963109351036,3,BDL-Hard
sleep,gru,density_hard,objective_e20_bs32_eval5,none,0.25,1.0,0.8333333333333333,0.3954560028459177,0.007304087931943778,3,0.07022234630712397,0.0011297226188668932,3,0.11926380979744998,0.0018531822952069913,3,0.4874023836696925,0.0010644405597228146,3,0.06341405332527518,0.001048406448918755,3,0.751793165653598,0.0007124110534699448,3,0.25422785950608223,0.0011379173146467629,3,0.042500813958556045,0.0006542869905819133,3,9170.666666666666,19.3993127026018,3,BDL-Hard
sleep,gru,density_hard,objective_e20_bs32_eval5,none,1.0,1.0,0.8333333333333333,0.470817563414662,0.05177472098976971,3,0.05211855999917872,0.0013454140129472655,3,0.09380504536824759,0.003236484514763655,3,0.4773980925660018,0.0025880775344432234,3,0.049212639778440176,0.0017798394266001012,3,0.7589598197156571,0.003047090868793638,3,0.15104039760363483,0.003396558020639027,3,0.026669079701283616,0.002420537219967873,3,9047.333333333334,11.503622617824938,3,BDL-Hard
sleep,gru,density_hard,objective_e20_bs32_eval5,none,1.0,0.2393167939518393,0.8333333333333333,0.49943206173954185,0.24868167389811402,3,0.004541150325064503,0.0003444245004157408,3,0.008970237647280785,0.0005969188676063166,3,0.43620665211483806,0.0003642970679014381,3,0.004505385946937419,0.00030120665595437934,3,0.7599635150020466,0.0020204563764773817,3,0.13617939929651493,0.003515443702748707,3,0.002893238119409643,0.002184694720337679,3,9490.333333333334,15.69500982265825,3,BDL-Hard
sleep,gru,density_hard,objective_e20_bs32_eval5,none,1.0,0.0,0.8333333333333333,0.4900399882441345,0.25005336393400796,3,0.004328688406966341,0.00025666888600473235,3,0.008553217576968225,0.0004288392052507856,3,0.43598571593368013,0.00045161531058637725,3,0.0042950077746849195,0.00021629229279683244,3,0.7599128562297098,0.002041283777218288,3,0.13524043152949897,0.003496512287905018,3,0.0028422054815942822,0.0021638915820299037,3,9493.0,14.933184523068078,3,BDL-Hard
sleep,gru,density_hard,objective_e20_bs32_eval5,none,0.25,0.2393167939518393,0.6666666666666666,0.10542012218783449,0.04088635433625145,3,0.0021387907479976246,0.0006798120204897778,3,0.0041843553903268835,0.0013248341817237886,3,0.4327110817089423,0.0009360013981474176,3,0.0020968585662564723,0.0006654501566322261,3,0.7564191367424739,0.001960588432528,3,0.2059304253734895,0.0011420936992414452,3,0.005287766395176238,0.001974995370702716,3,9531.0,23.388031127053,3,BDL-Hard
sleep,gru,density_hard,objective_e20_bs32_eval5,none,0.25,0.0,0.6666666666666666,0.10145109257683906,0.04643695823983732,3,0.0018812476245887177,0.0005491614345980347,3,0.0036869644400855145,0.0010793228263307388,3,0.4325230073821513,0.0009748376526688147,3,0.0018470821923293156,0.0005417538876687988,3,0.756591034748553,0.0020009432103457797,3,0.20305225643431557,0.0011290006612273916,3,0.004992599599899846,0.0019273860849032094,3,9534.333333333334,17.6729548557486,3,BDL-Hard
sleep,gru,density_hard,objective_e20_bs32_eval5,none,0.25,0.0,0.8333333333333333,0.0,0.0,3,0.0,0.0,3,0.0,0.0,3,0.4318218766151083,0.00037547297294559205,3,0.0,0.0,3,0.7600119572861895,0.0011626369602517831,3,0.20305225643431557,0.0011290006612273916,3,0.0006712487619711726,0.0011626369602517788,3,9577.666666666666,0.5773502691893632,3,BDL-Hard
sleep,gru,density_hard,objective_e20_bs32_eval5,none,0.25,0.0,1.0,0.0,0.0,3,0.0,0.0,3,0.0,0.0,3,0.4320386560371119,0.0,3,0.0,0.0,3,0.7606832060481606,0.0,3,0.20305225643431557,0.0011290006612273916,3,0.0,0.0,3,9578.0,0.0,3,BDL-Hard
sleep,gru,density_hard,objective_e20_bs32_eval5,none,0.25,0.2393167939518393,0.8333333333333333,0.0,0.0,3,0.0,0.0,3,0.0,0.0,3,0.4318218766151083,0.00037547297294559205,3,0.0,0.0,3,0.7600119572861895,0.0011626369602517831,3,0.2059304253734895,0.0011420936992414452,3,0.0006712487619711726,0.0011626369602517788,3,9577.666666666666,0.5773502691893632,3,BDL-Hard
sleep,gru,density_hard,objective_e20_bs32_eval5,none,0.25,0.2393167939518393,1.0,0.0,0.0,3,0.0,0.0,3,0.0,0.0,3,0.4320386560371119,0.0,3,0.0,0.0,3,0.7606832060481606,0.0,3,0.2059304253734895,0.0011420936992414452,3,0.0,0.0,3,9578.0,0.0,3,BDL-Hard
sleep,gru,density_hard,objective_e20_bs32_eval5,none,0.25,1.0,1.0,0.0,0.0,3,0.0,0.0,3,0.0,0.0,3,0.4320386560371119,0.0,3,0.0,0.0,3,0.7606832060481606,0.0,3,0.25422785950608223,0.0011379173146467629,3,0.0,0.0,3,9578.0,0.0,3,BDL-Hard
sleep,gru,density_hard,objective_e20_bs32_eval5,none,1.0,0.0,1.0,0.0,0.0,3,0.0,0.0,3,0.0,0.0,3,0.4320386560371119,0.0,3,0.0,0.0,3,0.7606832060481606,0.0,3,0.13524043152949897,0.003496512287905018,3,0.0,0.0,3,9578.0,0.0,3,BDL-Hard
sleep,gru,density_hard,objective_e20_bs32_eval5,none,1.0,0.2393167939518393,1.0,0.0,0.0,3,0.0,0.0,3,0.0,0.0,3,0.4320386560371119,0.0,3,0.0,0.0,3,0.7606832060481606,0.0,3,0.13617939929651493,0.003515443702748707,3,0.0,0.0,3,9578.0,0.0,3,BDL-Hard
sleep,gru,density_hard,objective_e20_bs32_eval5,none,1.0,1.0,1.0,0.0,0.0,3,0.0,0.0,3,0.0,0.0,3,0.4320386560371119,0.0,3,0.0,0.0,3,0.7606832060481606,0.0,3,0.15104039760363483,0.003396558020639027,3,0.0,0.0,3,9578.0,0.0,3,BDL-Hard
sleep,gru,density_hard,objective_e20_bs32_eval5,none,4.0,0.0,1.0,0.0,0.0,3,0.0,0.0,3,0.0,0.0,3,0.4320386560371119,0.0,3,0.0,0.0,3,0.7606832060481606,0.0,3,0.08584223225318571,0.006271019752767202,3,0.0,0.0,3,9578.0,0.0,3,BDL-Hard
sleep,gru,density_hard,objective_e20_bs32_eval5,none,4.0,0.2393167939518393,1.0,0.0,0.0,3,0.0,0.0,3,0.0,0.0,3,0.4320386560371119,0.0,3,0.0,0.0,3,0.7606832060481606,0.0,3,0.08654273742391637,0.006270970576858357,3,0.0,0.0,3,9578.0,0.0,3,BDL-Hard
sleep,gru,density_hard,objective_e20_bs32_eval5,none,4.0,1.0,1.0,0.0,0.0,3,0.0,0.0,3,0.0,0.0,3,0.4320386560371119,0.0,3,0.0,0.0,3,0.7606832060481606,0.0,3,0.09469057772143569,0.0060622133636210745,3,0.0,0.0,3,9578.0,0.0,3,BDL-Hard
