phase,name,status,dataset,model,objective,seed,run_tag,target_epochs,target_folds,target_batch_size,target_eval_every,completed_folds,actual_epochs,actual_batch_size,actual_eval_every,lr,density_prior,mean_best_epoch,mean_valid_mAP,mean_valid_loss,tuned_mAP,tuned_mf1,score_required,purpose,run_dir
P0,lr_screen_density_custom,trained,sleep,gru,density_custom,0,lr3e4_e2,2,2,10,1,2.0,2.0,10.0,,0.0003,sparse,2.0,0.0204462969737467,0.00340609852307035,,,False,Choose optimizer scale after switching to Poisson likelihood.,experiments/sleep/gru/density_custom/seed_0_lr3e4_e2
P0,lr_screen_density_custom,trained,sleep,gru,density_custom,0,lr1e3_e2,2,2,10,1,2.0,2.0,10.0,,0.001,sparse,2.0,0.02869578700841375,0.0033918103585259003,,,False,Choose optimizer scale after switching to Poisson likelihood.,experiments/sleep/gru/density_custom/seed_0_lr1e3_e2
P0,lr_screen_density_custom,scored,sleep,gru,density_custom,0,lr3e3_e2,2,2,10,1,2.0,2.0,10.0,,0.003,sparse,2.0,0.035832349800330246,0.0033813387872337498,0.0332659705324627,0.0791698903784621,False,Choose optimizer scale after switching to Poisson likelihood.,experiments/sleep/gru/density_custom/seed_0_lr3e3_e2
P1,current_density_candidate,scored,sleep,gru,density_custom,0,lr3e3_e20_gpu_bs32_eval5,20,4,32,5,4.0,20.0,32.0,5.0,0.003,sparse,18.75,0.5814188455991876,0.002235910121636325,0.5952504561796061,0.6745204800033334,True,First real multi-epoch CUDA run for the main method.,experiments/sleep/gru/density_custom/seed_0_lr3e3_e20_gpu_bs32_eval5
P2,gru_objective_sweep_seed0,scored,sleep,gru,density_hard,0,objective_e20_bs32_eval5,20,4,32,5,4.0,20.0,32.0,5.0,0.003,sparse,20.0,0.6646203911072995,0.00162908841497775,0.670474923063441,0.723547847391744,True,"Screen BDL kernels, MSE-Hard, and segmentation losses; P1 supplies density_custom.",experiments/sleep/gru/density_hard/seed_0_objective_e20_bs32_eval5
P2,gru_objective_sweep_seed0,scored,sleep,gru,density_gau,0,objective_e20_bs32_eval5,20,4,32,5,4.0,20.0,32.0,5.0,0.003,sparse,20.0,0.6487628020569002,0.0019513875375418,0.6514676993362588,0.7089770172779496,True,"Screen BDL kernels, MSE-Hard, and segmentation losses; P1 supplies density_custom.",experiments/sleep/gru/density_gau/seed_0_objective_e20_bs32_eval5
P2,gru_objective_sweep_seed0,scored,sleep,gru,hard,0,objective_e20_bs32_eval5,20,4,32,5,4.0,20.0,32.0,5.0,0.003,sparse,18.75,0.6092770480517243,6.434892046559549,0.5855950637607844,0.6897055331455744,True,"Screen BDL kernels, MSE-Hard, and segmentation losses; P1 supplies density_custom.",experiments/sleep/gru/hard/seed_0_objective_e20_bs32_eval5
P2,gru_objective_sweep_seed0,scored,sleep,gru,seg,0,objective_e20_bs32_eval5,20,4,32,5,4.0,20.0,32.0,5.0,0.003,sparse,18.75,0.4391626806676997,0.12586380438850203,0.5708911028714023,0.6600968076746483,True,"Screen BDL kernels, MSE-Hard, and segmentation losses; P1 supplies density_custom.",experiments/sleep/gru/seg/seed_0_objective_e20_bs32_eval5
P2,gru_objective_sweep_seed0,scored,sleep,gru,seg_weighted,0,objective_e20_bs32_eval5,20,4,32,5,4.0,20.0,32.0,5.0,0.003,sparse,15.0,0.4963586157123307,0.201110154378573,0.551820626356865,0.6434071580078717,True,"Screen BDL kernels, MSE-Hard, and segmentation losses; P1 supplies density_custom.",experiments/sleep/gru/seg_weighted/seed_0_objective_e20_bs32_eval5
P2,gru_objective_sweep_seed0,scored,sleep,gru,seg_focal,0,objective_e20_bs32_eval5,20,4,32,5,4.0,20.0,32.0,5.0,0.003,sparse,13.75,0.3594692725525783,0.0166433385666363,0.5142161181162086,0.6051642115005316,True,"Screen BDL kernels, MSE-Hard, and segmentation losses; P1 supplies density_custom.",experiments/sleep/gru/seg_focal/seed_0_objective_e20_bs32_eval5
P3,core_model_main_table,scored,sleep,gru,density_hard,0,objective_e20_bs32_eval5,20,4,32,5,4.0,20.0,32.0,5.0,0.003,sparse,20.0,0.6646203911072995,0.00162908841497775,0.670474923063441,0.723547847391744,True,Main table: density likelihood versus strongest non-density baselines.,experiments/sleep/gru/density_hard/seed_0_objective_e20_bs32_eval5
P3,core_model_main_table,scored,sleep,gru,density_hard,1,objective_e20_bs32_eval5,20,4,32,5,4.0,20.0,32.0,5.0,0.003,sparse,20.0,0.6772295290018386,0.0016290516160960252,0.6855994376120669,0.7261896430868044,True,Main table: density likelihood versus strongest non-density baselines.,experiments/sleep/gru/density_hard/seed_1_objective_e20_bs32_eval5
P3,core_model_main_table,scored,sleep,gru,density_hard,2,objective_e20_bs32_eval5,20,4,32,5,4.0,20.0,32.0,5.0,0.003,sparse,20.0,0.6794522927763522,0.0016045339527224,0.683004424421913,0.7325707001877424,True,Main table: density likelihood versus strongest non-density baselines.,experiments/sleep/gru/density_hard/seed_2_objective_e20_bs32_eval5
P3,core_model_main_table,scored,sleep,gru,hard,0,objective_e20_bs32_eval5,20,4,32,5,4.0,20.0,32.0,5.0,0.003,sparse,18.75,0.6092770480517243,6.434892046559549,0.5855950637607844,0.6897055331455744,True,Main table: density likelihood versus strongest non-density baselines.,experiments/sleep/gru/hard/seed_0_objective_e20_bs32_eval5
P3,core_model_main_table,scored,sleep,gru,hard,1,objective_e20_bs32_eval5,20,4,32,5,4.0,20.0,32.0,5.0,0.003,sparse,18.75,0.633430209638749,6.400636805769819,0.6157274880293608,0.7030512093664327,True,Main table: density likelihood versus strongest non-density baselines.,experiments/sleep/gru/hard/seed_1_objective_e20_bs32_eval5
P3,core_model_main_table,scored,sleep,gru,hard,2,objective_e20_bs32_eval5,20,4,32,5,4.0,20.0,32.0,5.0,0.003,sparse,18.75,0.6006298432143042,6.439422217258262,0.5960226572603868,0.690314075833622,True,Main table: density likelihood versus strongest non-density baselines.,experiments/sleep/gru/hard/seed_2_objective_e20_bs32_eval5
P3,core_model_main_table,scored,sleep,gru,seg,0,objective_e20_bs32_eval5,20,4,32,5,4.0,20.0,32.0,5.0,0.003,sparse,18.75,0.4391626806676997,0.12586380438850203,0.5708911028714023,0.6600968076746483,True,Main table: density likelihood versus strongest non-density baselines.,experiments/sleep/gru/seg/seed_0_objective_e20_bs32_eval5
P3,core_model_main_table,scored,sleep,gru,seg,1,objective_e20_bs32_eval5,20,4,32,5,4.0,20.0,32.0,5.0,0.003,sparse,18.75,0.4170128460358195,0.12342067440859893,0.5767763385764865,0.6618785529799798,True,Main table: density likelihood versus strongest non-density baselines.,experiments/sleep/gru/seg/seed_1_objective_e20_bs32_eval5
P3,core_model_main_table,scored,sleep,gru,seg,2,objective_e20_bs32_eval5,20,4,32,5,4.0,20.0,32.0,5.0,0.003,sparse,17.5,0.47754334443847524,0.12348408126749486,0.5784484520481392,0.6575913289174622,True,Main table: density likelihood versus strongest non-density baselines.,experiments/sleep/gru/seg/seed_2_objective_e20_bs32_eval5
P3,core_model_main_table,trained,sleep,unet,density_hard,0,objective_e20_bs32_eval5,20,4,32,5,4.0,20.0,32.0,5.0,0.003,sparse,20.0,0.5718903900698535,0.0017359713151964252,,,True,Main table: density likelihood versus strongest non-density baselines.,experiments/sleep/unet/density_hard/seed_0_objective_e20_bs32_eval5
P3,core_model_main_table,pending,sleep,unet,density_hard,1,objective_e20_bs32_eval5,20,4,32,5,,,,,,,,,,,,True,Main table: density likelihood versus strongest non-density baselines.,
P3,core_model_main_table,pending,sleep,unet,density_hard,2,objective_e20_bs32_eval5,20,4,32,5,,,,,,,,,,,,True,Main table: density likelihood versus strongest non-density baselines.,
P3,core_model_main_table,pending,sleep,unet,hard,0,objective_e20_bs32_eval5,20,4,32,5,,,,,,,,,,,,True,Main table: density likelihood versus strongest non-density baselines.,
P3,core_model_main_table,pending,sleep,unet,hard,1,objective_e20_bs32_eval5,20,4,32,5,,,,,,,,,,,,True,Main table: density likelihood versus strongest non-density baselines.,
P3,core_model_main_table,pending,sleep,unet,hard,2,objective_e20_bs32_eval5,20,4,32,5,,,,,,,,,,,,True,Main table: density likelihood versus strongest non-density baselines.,
P3,core_model_main_table,pending,sleep,unet,seg,0,objective_e20_bs32_eval5,20,4,32,5,,,,,,,,,,,,True,Main table: density likelihood versus strongest non-density baselines.,
P3,core_model_main_table,pending,sleep,unet,seg,1,objective_e20_bs32_eval5,20,4,32,5,,,,,,,,,,,,True,Main table: density likelihood versus strongest non-density baselines.,
P3,core_model_main_table,pending,sleep,unet,seg,2,objective_e20_bs32_eval5,20,4,32,5,,,,,,,,,,,,True,Main table: density likelihood versus strongest non-density baselines.,
P3,core_model_main_table,pending,sleep,unet_t,density_hard,0,objective_e20_bs32_eval5,20,4,32,5,,,,,,,,,,,,True,Main table: density likelihood versus strongest non-density baselines.,
P3,core_model_main_table,pending,sleep,unet_t,density_hard,1,objective_e20_bs32_eval5,20,4,32,5,,,,,,,,,,,,True,Main table: density likelihood versus strongest non-density baselines.,
P3,core_model_main_table,pending,sleep,unet_t,density_hard,2,objective_e20_bs32_eval5,20,4,32,5,,,,,,,,,,,,True,Main table: density likelihood versus strongest non-density baselines.,
P3,core_model_main_table,pending,sleep,unet_t,hard,0,objective_e20_bs32_eval5,20,4,32,5,,,,,,,,,,,,True,Main table: density likelihood versus strongest non-density baselines.,
P3,core_model_main_table,pending,sleep,unet_t,hard,1,objective_e20_bs32_eval5,20,4,32,5,,,,,,,,,,,,True,Main table: density likelihood versus strongest non-density baselines.,
P3,core_model_main_table,pending,sleep,unet_t,hard,2,objective_e20_bs32_eval5,20,4,32,5,,,,,,,,,,,,True,Main table: density likelihood versus strongest non-density baselines.,
P3,core_model_main_table,pending,sleep,unet_t,seg,0,objective_e20_bs32_eval5,20,4,32,5,,,,,,,,,,,,True,Main table: density likelihood versus strongest non-density baselines.,
P3,core_model_main_table,pending,sleep,unet_t,seg,1,objective_e20_bs32_eval5,20,4,32,5,,,,,,,,,,,,True,Main table: density likelihood versus strongest non-density baselines.,
P3,core_model_main_table,pending,sleep,unet_t,seg,2,objective_e20_bs32_eval5,20,4,32,5,,,,,,,,,,,,True,Main table: density likelihood versus strongest non-density baselines.,
P3,core_model_main_table,pending,sleep,prectime,density_hard,0,objective_e20_bs32_eval5,20,4,32,5,,,,,,,,,,,,True,Main table: density likelihood versus strongest non-density baselines.,
P3,core_model_main_table,pending,sleep,prectime,density_hard,1,objective_e20_bs32_eval5,20,4,32,5,,,,,,,,,,,,True,Main table: density likelihood versus strongest non-density baselines.,
P3,core_model_main_table,pending,sleep,prectime,density_hard,2,objective_e20_bs32_eval5,20,4,32,5,,,,,,,,,,,,True,Main table: density likelihood versus strongest non-density baselines.,
P3,core_model_main_table,pending,sleep,prectime,hard,0,objective_e20_bs32_eval5,20,4,32,5,,,,,,,,,,,,True,Main table: density likelihood versus strongest non-density baselines.,
P3,core_model_main_table,pending,sleep,prectime,hard,1,objective_e20_bs32_eval5,20,4,32,5,,,,,,,,,,,,True,Main table: density likelihood versus strongest non-density baselines.,
P3,core_model_main_table,pending,sleep,prectime,hard,2,objective_e20_bs32_eval5,20,4,32,5,,,,,,,,,,,,True,Main table: density likelihood versus strongest non-density baselines.,
P3,core_model_main_table,pending,sleep,prectime,seg,0,objective_e20_bs32_eval5,20,4,32,5,,,,,,,,,,,,True,Main table: density likelihood versus strongest non-density baselines.,
P3,core_model_main_table,pending,sleep,prectime,seg,1,objective_e20_bs32_eval5,20,4,32,5,,,,,,,,,,,,True,Main table: density likelihood versus strongest non-density baselines.,
P3,core_model_main_table,pending,sleep,prectime,seg,2,objective_e20_bs32_eval5,20,4,32,5,,,,,,,,,,,,True,Main table: density likelihood versus strongest non-density baselines.,
P4,kernel_and_segmentation_ablation,scored,sleep,gru,density_gau,0,objective_e20_bs32_eval5,20,4,32,5,4.0,20.0,32.0,5.0,0.003,sparse,20.0,0.6487628020569002,0.0019513875375418,0.6514676993362588,0.7089770172779496,True,Appendix ablations for BDL kernel choice and stronger segmentation losses.,experiments/sleep/gru/density_gau/seed_0_objective_e20_bs32_eval5
P4,kernel_and_segmentation_ablation,pending,sleep,gru,density_gau,1,objective_e20_bs32_eval5,20,4,32,5,,,,,,,,,,,,True,Appendix ablations for BDL kernel choice and stronger segmentation losses.,
P4,kernel_and_segmentation_ablation,pending,sleep,gru,density_gau,2,objective_e20_bs32_eval5,20,4,32,5,,,,,,,,,,,,True,Appendix ablations for BDL kernel choice and stronger segmentation losses.,
P4,kernel_and_segmentation_ablation,pending,sleep,gru,density_custom,0,objective_e20_bs32_eval5,20,4,32,5,,,,,,,,,,,,True,Appendix ablations for BDL kernel choice and stronger segmentation losses.,
P4,kernel_and_segmentation_ablation,pending,sleep,gru,density_custom,1,objective_e20_bs32_eval5,20,4,32,5,,,,,,,,,,,,True,Appendix ablations for BDL kernel choice and stronger segmentation losses.,
P4,kernel_and_segmentation_ablation,pending,sleep,gru,density_custom,2,objective_e20_bs32_eval5,20,4,32,5,,,,,,,,,,,,True,Appendix ablations for BDL kernel choice and stronger segmentation losses.,
P4,kernel_and_segmentation_ablation,scored,sleep,gru,seg_weighted,0,objective_e20_bs32_eval5,20,4,32,5,4.0,20.0,32.0,5.0,0.003,sparse,15.0,0.4963586157123307,0.201110154378573,0.551820626356865,0.6434071580078717,True,Appendix ablations for BDL kernel choice and stronger segmentation losses.,experiments/sleep/gru/seg_weighted/seed_0_objective_e20_bs32_eval5
P4,kernel_and_segmentation_ablation,pending,sleep,gru,seg_weighted,1,objective_e20_bs32_eval5,20,4,32,5,,,,,,,,,,,,True,Appendix ablations for BDL kernel choice and stronger segmentation losses.,
P4,kernel_and_segmentation_ablation,pending,sleep,gru,seg_weighted,2,objective_e20_bs32_eval5,20,4,32,5,,,,,,,,,,,,True,Appendix ablations for BDL kernel choice and stronger segmentation losses.,
P4,kernel_and_segmentation_ablation,scored,sleep,gru,seg_focal,0,objective_e20_bs32_eval5,20,4,32,5,4.0,20.0,32.0,5.0,0.003,sparse,13.75,0.3594692725525783,0.0166433385666363,0.5142161181162086,0.6051642115005316,True,Appendix ablations for BDL kernel choice and stronger segmentation losses.,experiments/sleep/gru/seg_focal/seed_0_objective_e20_bs32_eval5
P4,kernel_and_segmentation_ablation,pending,sleep,gru,seg_focal,1,objective_e20_bs32_eval5,20,4,32,5,,,,,,,,,,,,True,Appendix ablations for BDL kernel choice and stronger segmentation losses.,
P4,kernel_and_segmentation_ablation,pending,sleep,gru,seg_focal,2,objective_e20_bs32_eval5,20,4,32,5,,,,,,,,,,,,True,Appendix ablations for BDL kernel choice and stronger segmentation losses.,
P5,prior_ablation,pending,sleep,gru,density_custom,0,prior_sparse_e20_bs32_eval5,20,4,32,5,,,,,,,,,,,,True,Measure whether sparse-rate initialization matters.,
P5,prior_ablation,pending,sleep,gru,density_custom,0,prior_none_e20_bs32_eval5,20,4,32,5,,,,,,,,,,,,True,Measure whether sparse-rate initialization matters.,
P5,prior_ablation,pending,sleep,gru,density_custom,1,prior_sparse_e20_bs32_eval5,20,4,32,5,,,,,,,,,,,,True,Measure whether sparse-rate initialization matters.,
P5,prior_ablation,pending,sleep,gru,density_custom,1,prior_none_e20_bs32_eval5,20,4,32,5,,,,,,,,,,,,True,Measure whether sparse-rate initialization matters.,
P5,prior_ablation,pending,sleep,gru,density_custom,2,prior_sparse_e20_bs32_eval5,20,4,32,5,,,,,,,,,,,,True,Measure whether sparse-rate initialization matters.,
P5,prior_ablation,pending,sleep,gru,density_custom,2,prior_none_e20_bs32_eval5,20,4,32,5,,,,,,,,,,,,True,Measure whether sparse-rate initialization matters.,
P6,target_width_ablation,pending,sleep,gru,density_custom,0,tol05_e20_bs32_eval5,20,4,32,5,,,,,,,,,,,,True,Appendix sensitivity of tolerance-derived density target width.,
P6,target_width_ablation,pending,sleep,gru,density_custom,0,tol15_e20_bs32_eval5,20,4,32,5,,,,,,,,,,,,True,Appendix sensitivity of tolerance-derived density target width.,
P7,online_model_ablation,pending,sleep,fgru,density_hard,0,online_e20_bs32_eval5,20,4,32,5,,,,,,,,,,,,True,Show whether the likelihood gain persists in causal/online models.,
P7,online_model_ablation,pending,sleep,fgru,density_hard,1,online_e20_bs32_eval5,20,4,32,5,,,,,,,,,,,,True,Show whether the likelihood gain persists in causal/online models.,
P7,online_model_ablation,pending,sleep,fgru,density_hard,2,online_e20_bs32_eval5,20,4,32,5,,,,,,,,,,,,True,Show whether the likelihood gain persists in causal/online models.,
P7,online_model_ablation,pending,sleep,fgru,hard,0,online_e20_bs32_eval5,20,4,32,5,,,,,,,,,,,,True,Show whether the likelihood gain persists in causal/online models.,
P7,online_model_ablation,pending,sleep,fgru,hard,1,online_e20_bs32_eval5,20,4,32,5,,,,,,,,,,,,True,Show whether the likelihood gain persists in causal/online models.,
P7,online_model_ablation,pending,sleep,fgru,hard,2,online_e20_bs32_eval5,20,4,32,5,,,,,,,,,,,,True,Show whether the likelihood gain persists in causal/online models.,
P7,online_model_ablation,pending,sleep,fgru,seg,0,online_e20_bs32_eval5,20,4,32,5,,,,,,,,,,,,True,Show whether the likelihood gain persists in causal/online models.,
P7,online_model_ablation,pending,sleep,fgru,seg,1,online_e20_bs32_eval5,20,4,32,5,,,,,,,,,,,,True,Show whether the likelihood gain persists in causal/online models.,
P7,online_model_ablation,pending,sleep,fgru,seg,2,online_e20_bs32_eval5,20,4,32,5,,,,,,,,,,,,True,Show whether the likelihood gain persists in causal/online models.,
P7,online_model_ablation,pending,sleep,flstm,density_hard,0,online_e20_bs32_eval5,20,4,32,5,,,,,,,,,,,,True,Show whether the likelihood gain persists in causal/online models.,
P7,online_model_ablation,pending,sleep,flstm,density_hard,1,online_e20_bs32_eval5,20,4,32,5,,,,,,,,,,,,True,Show whether the likelihood gain persists in causal/online models.,
P7,online_model_ablation,pending,sleep,flstm,density_hard,2,online_e20_bs32_eval5,20,4,32,5,,,,,,,,,,,,True,Show whether the likelihood gain persists in causal/online models.,
P7,online_model_ablation,pending,sleep,flstm,hard,0,online_e20_bs32_eval5,20,4,32,5,,,,,,,,,,,,True,Show whether the likelihood gain persists in causal/online models.,
P7,online_model_ablation,pending,sleep,flstm,hard,1,online_e20_bs32_eval5,20,4,32,5,,,,,,,,,,,,True,Show whether the likelihood gain persists in causal/online models.,
P7,online_model_ablation,pending,sleep,flstm,hard,2,online_e20_bs32_eval5,20,4,32,5,,,,,,,,,,,,True,Show whether the likelihood gain persists in causal/online models.,
P7,online_model_ablation,pending,sleep,flstm,seg,0,online_e20_bs32_eval5,20,4,32,5,,,,,,,,,,,,True,Show whether the likelihood gain persists in causal/online models.,
P7,online_model_ablation,pending,sleep,flstm,seg,1,online_e20_bs32_eval5,20,4,32,5,,,,,,,,,,,,True,Show whether the likelihood gain persists in causal/online models.,
P7,online_model_ablation,pending,sleep,flstm,seg,2,online_e20_bs32_eval5,20,4,32,5,,,,,,,,,,,,True,Show whether the likelihood gain persists in causal/online models.,
P7,online_model_ablation,pending,sleep,causal_transformer,density_hard,0,online_e20_bs32_eval5,20,4,32,5,,,,,,,,,,,,True,Show whether the likelihood gain persists in causal/online models.,
P7,online_model_ablation,pending,sleep,causal_transformer,density_hard,1,online_e20_bs32_eval5,20,4,32,5,,,,,,,,,,,,True,Show whether the likelihood gain persists in causal/online models.,
P7,online_model_ablation,pending,sleep,causal_transformer,density_hard,2,online_e20_bs32_eval5,20,4,32,5,,,,,,,,,,,,True,Show whether the likelihood gain persists in causal/online models.,
P7,online_model_ablation,pending,sleep,causal_transformer,hard,0,online_e20_bs32_eval5,20,4,32,5,,,,,,,,,,,,True,Show whether the likelihood gain persists in causal/online models.,
P7,online_model_ablation,pending,sleep,causal_transformer,hard,1,online_e20_bs32_eval5,20,4,32,5,,,,,,,,,,,,True,Show whether the likelihood gain persists in causal/online models.,
P7,online_model_ablation,pending,sleep,causal_transformer,hard,2,online_e20_bs32_eval5,20,4,32,5,,,,,,,,,,,,True,Show whether the likelihood gain persists in causal/online models.,
P7,online_model_ablation,pending,sleep,causal_transformer,seg,0,online_e20_bs32_eval5,20,4,32,5,,,,,,,,,,,,True,Show whether the likelihood gain persists in causal/online models.,
P7,online_model_ablation,pending,sleep,causal_transformer,seg,1,online_e20_bs32_eval5,20,4,32,5,,,,,,,,,,,,True,Show whether the likelihood gain persists in causal/online models.,
P7,online_model_ablation,pending,sleep,causal_transformer,seg,2,online_e20_bs32_eval5,20,4,32,5,,,,,,,,,,,,True,Show whether the likelihood gain persists in causal/online models.,
P8,second_dataset_replication,pending,seizure,gru,density_hard,0,seizure_main_e20_bs32_eval5,20,4,32,5,,,,,,,,,,,,True,Replicate the main comparison on seizure once that data is available.,
P8,second_dataset_replication,pending,seizure,gru,hard,0,seizure_main_e20_bs32_eval5,20,4,32,5,,,,,,,,,,,,True,Replicate the main comparison on seizure once that data is available.,
P8,second_dataset_replication,pending,seizure,gru,seg,0,seizure_main_e20_bs32_eval5,20,4,32,5,,,,,,,,,,,,True,Replicate the main comparison on seizure once that data is available.,
P8,second_dataset_replication,pending,seizure,unet,density_hard,0,seizure_main_e20_bs32_eval5,20,4,32,5,,,,,,,,,,,,True,Replicate the main comparison on seizure once that data is available.,
P8,second_dataset_replication,pending,seizure,unet,hard,0,seizure_main_e20_bs32_eval5,20,4,32,5,,,,,,,,,,,,True,Replicate the main comparison on seizure once that data is available.,
P8,second_dataset_replication,pending,seizure,unet,seg,0,seizure_main_e20_bs32_eval5,20,4,32,5,,,,,,,,,,,,True,Replicate the main comparison on seizure once that data is available.,
